
Scaner.elf:     file format elf32-avr

Sections:
Idx Name          Size      VMA       LMA       File off  Algn
  0 .data         00000000  00800100  00800100  00001790  2**0
                  CONTENTS, ALLOC, LOAD, DATA
  1 .text         0000171c  00000000  00000000  00000074  2**1
                  CONTENTS, ALLOC, LOAD, READONLY, CODE
  2 .bss          0000000e  00800100  00800100  00001790  2**0
                  ALLOC
  3 .comment      00000030  00000000  00000000  00001790  2**0
                  CONTENTS, READONLY
  4 .note.gnu.avr.deviceinfo 00000040  00000000  00000000  000017c0  2**2
                  CONTENTS, READONLY
  5 .debug_info   000005f4  00000000  00000000  00001800  2**0
                  CONTENTS, READONLY, DEBUGGING
  6 .debug_abbrev 000005a2  00000000  00000000  00001df4  2**0
                  CONTENTS, READONLY, DEBUGGING
  7 .debug_line   00000133  00000000  00000000  00002396  2**0
                  CONTENTS, READONLY, DEBUGGING
  8 .debug_str    00000208  00000000  00000000  000024c9  2**0
                  CONTENTS, READONLY, DEBUGGING

Disassembly of section .text:

00000000 <__vectors>:
       0:	0c 94 3b 00 	jmp	0x76	; 0x76 <__ctors_end>
       4:	0c 94 4d 00 	jmp	0x9a	; 0x9a <__bad_interrupt>
       8:	0c 94 4d 00 	jmp	0x9a	; 0x9a <__bad_interrupt>
       c:	0c 94 4d 00 	jmp	0x9a	; 0x9a <__bad_interrupt>
      10:	0c 94 4d 00 	jmp	0x9a	; 0x9a <__bad_interrupt>
      14:	0c 94 4d 00 	jmp	0x9a	; 0x9a <__bad_interrupt>
      18:	0c 94 4d 00 	jmp	0x9a	; 0x9a <__bad_interrupt>
      1c:	0c 94 4d 00 	jmp	0x9a	; 0x9a <__bad_interrupt>
      20:	0c 94 4d 00 	jmp	0x9a	; 0x9a <__bad_interrupt>
      24:	0c 94 28 02 	jmp	0x450	; 0x450 <__vector_9>
      28:	0c 94 4d 00 	jmp	0x9a	; 0x9a <__bad_interrupt>
      2c:	0c 94 4d 00 	jmp	0x9a	; 0x9a <__bad_interrupt>
      30:	0c 94 4d 00 	jmp	0x9a	; 0x9a <__bad_interrupt>
      34:	0c 94 4d 00 	jmp	0x9a	; 0x9a <__bad_interrupt>
      38:	0c 94 4d 00 	jmp	0x9a	; 0x9a <__bad_interrupt>
      3c:	0c 94 4d 00 	jmp	0x9a	; 0x9a <__bad_interrupt>
      40:	0c 94 4d 00 	jmp	0x9a	; 0x9a <__bad_interrupt>
      44:	0c 94 4d 00 	jmp	0x9a	; 0x9a <__bad_interrupt>
      48:	0c 94 73 02 	jmp	0x4e6	; 0x4e6 <__vector_18>
      4c:	0c 94 4d 00 	jmp	0x9a	; 0x9a <__bad_interrupt>
      50:	0c 94 4d 00 	jmp	0x9a	; 0x9a <__bad_interrupt>
      54:	0c 94 4d 00 	jmp	0x9a	; 0x9a <__bad_interrupt>
      58:	0c 94 4d 00 	jmp	0x9a	; 0x9a <__bad_interrupt>
      5c:	0c 94 4d 00 	jmp	0x9a	; 0x9a <__bad_interrupt>
      60:	0c 94 4d 00 	jmp	0x9a	; 0x9a <__bad_interrupt>
      64:	0c 94 4d 00 	jmp	0x9a	; 0x9a <__bad_interrupt>
      68:	91 02       	muls	r25, r17
      6a:	94 02       	muls	r25, r20
      6c:	98 02       	muls	r25, r24
      6e:	a2 02       	muls	r26, r18
      70:	a7 02       	muls	r26, r23
      72:	ac 02       	muls	r26, r28
      74:	b1 02       	muls	r27, r17

00000076 <__ctors_end>:
      76:	11 24       	eor	r1, r1
      78:	1f be       	out	0x3f, r1	; 63
      7a:	cf ef       	ldi	r28, 0xFF	; 255
      7c:	d8 e0       	ldi	r29, 0x08	; 8
      7e:	de bf       	out	0x3e, r29	; 62
      80:	cd bf       	out	0x3d, r28	; 61

00000082 <__do_clear_bss>:
      82:	21 e0       	ldi	r18, 0x01	; 1
      84:	a0 e0       	ldi	r26, 0x00	; 0
      86:	b1 e0       	ldi	r27, 0x01	; 1
      88:	01 c0       	rjmp	.+2      	; 0x8c <.do_clear_bss_start>

0000008a <.do_clear_bss_loop>:
      8a:	1d 92       	st	X+, r1

0000008c <.do_clear_bss_start>:
      8c:	ae 30       	cpi	r26, 0x0E	; 14
      8e:	b2 07       	cpc	r27, r18
      90:	e1 f7       	brne	.-8      	; 0x8a <.do_clear_bss_loop>
      92:	0e 94 c4 02 	call	0x588	; 0x588 <main>
      96:	0c 94 8c 0b 	jmp	0x1718	; 0x1718 <_exit>

0000009a <__bad_interrupt>:
      9a:	0c 94 00 00 	jmp	0	; 0x0 <__vectors>

0000009e <getMidDist>:
      9e:	9c 01       	movw	r18, r24
      a0:	26 1b       	sub	r18, r22
      a2:	37 0b       	sbc	r19, r23
      a4:	2b 30       	cpi	r18, 0x0B	; 11
      a6:	31 05       	cpc	r19, r1
      a8:	30 f0       	brcs	.+12     	; 0xb6 <getMidDist+0x18>
      aa:	9b 01       	movw	r18, r22
      ac:	28 1b       	sub	r18, r24
      ae:	39 0b       	sbc	r19, r25
      b0:	2b 30       	cpi	r18, 0x0B	; 11
      b2:	31 05       	cpc	r19, r1
      b4:	28 f4       	brcc	.+10     	; 0xc0 <getMidDist+0x22>
      b6:	86 0f       	add	r24, r22
      b8:	97 1f       	adc	r25, r23
      ba:	96 95       	lsr	r25
      bc:	87 95       	ror	r24
      be:	08 95       	ret
      c0:	68 17       	cp	r22, r24
      c2:	79 07       	cpc	r23, r25
      c4:	08 f4       	brcc	.+2      	; 0xc8 <getMidDist+0x2a>
      c6:	cb 01       	movw	r24, r22
      c8:	08 95       	ret

000000ca <countCrc>:
      ca:	e0 e0       	ldi	r30, 0x00	; 0
      cc:	f0 e0       	ldi	r31, 0x00	; 0
      ce:	8f ef       	ldi	r24, 0xFF	; 255
      d0:	9f ef       	ldi	r25, 0xFF	; 255
      d2:	f7 fd       	sbrc	r31, 7
      d4:	1a c0       	rjmp	.+52     	; 0x10a <countCrc+0x40>
      d6:	24 91       	lpm	r18, Z
      d8:	82 27       	eor	r24, r18
      da:	28 2f       	mov	r18, r24
      dc:	22 95       	swap	r18
      de:	28 27       	eor	r18, r24
      e0:	02 2e       	mov	r0, r18
      e2:	26 95       	lsr	r18
      e4:	26 95       	lsr	r18
      e6:	20 25       	eor	r18, r0
      e8:	02 2e       	mov	r0, r18
      ea:	26 95       	lsr	r18
      ec:	20 25       	eor	r18, r0
      ee:	27 70       	andi	r18, 0x07	; 7
      f0:	08 2e       	mov	r0, r24
      f2:	89 2f       	mov	r24, r25
      f4:	26 95       	lsr	r18
      f6:	07 94       	ror	r0
      f8:	27 95       	ror	r18
      fa:	90 2d       	mov	r25, r0
      fc:	82 27       	eor	r24, r18
      fe:	06 94       	lsr	r0
     100:	27 95       	ror	r18
     102:	90 25       	eor	r25, r0
     104:	82 27       	eor	r24, r18
     106:	31 96       	adiw	r30, 0x01	; 1
     108:	e4 cf       	rjmp	.-56     	; 0xd2 <countCrc+0x8>
     10a:	08 95       	ret

0000010c <readCrcFromEEPROM>:
     10c:	12 bc       	out	0x22, r1	; 34
     10e:	11 bc       	out	0x21, r1	; 33
     110:	f8 9a       	sbi	0x1f, 0	; 31
     112:	20 b5       	in	r18, 0x20	; 32
     114:	81 e0       	ldi	r24, 0x01	; 1
     116:	90 e0       	ldi	r25, 0x00	; 0
     118:	92 bd       	out	0x22, r25	; 34
     11a:	81 bd       	out	0x21, r24	; 33
     11c:	f8 9a       	sbi	0x1f, 0	; 31
     11e:	80 b5       	in	r24, 0x20	; 32
     120:	90 e0       	ldi	r25, 0x00	; 0
     122:	92 2b       	or	r25, r18
     124:	08 95       	ret

00000126 <writeCrcToEEPROM>:
     126:	f9 99       	sbic	0x1f, 1	; 31
     128:	fe cf       	rjmp	.-4      	; 0x126 <writeCrcToEEPROM>
     12a:	12 bc       	out	0x22, r1	; 34
     12c:	11 bc       	out	0x21, r1	; 33
     12e:	90 bd       	out	0x20, r25	; 32
     130:	fa 9a       	sbi	0x1f, 2	; 31
     132:	f9 9a       	sbi	0x1f, 1	; 31
     134:	f9 99       	sbic	0x1f, 1	; 31
     136:	fe cf       	rjmp	.-4      	; 0x134 <writeCrcToEEPROM+0xe>
     138:	21 e0       	ldi	r18, 0x01	; 1
     13a:	30 e0       	ldi	r19, 0x00	; 0
     13c:	32 bd       	out	0x22, r19	; 34
     13e:	21 bd       	out	0x21, r18	; 33
     140:	80 bd       	out	0x20, r24	; 32
     142:	fa 9a       	sbi	0x1f, 2	; 31
     144:	f9 9a       	sbi	0x1f, 1	; 31
     146:	08 95       	ret

00000148 <HCSR04_Init>:
     148:	52 9a       	sbi	0x0a, 2	; 10
     14a:	53 98       	cbi	0x0a, 3	; 10
     14c:	5b 98       	cbi	0x0b, 3	; 11
     14e:	85 e0       	ldi	r24, 0x05	; 5
     150:	85 bd       	out	0x25, r24	; 37
     152:	08 95       	ret

00000154 <HCSR04_Read>:
     154:	5a 9a       	sbi	0x0b, 2	; 11
     156:	8a e6       	ldi	r24, 0x6A	; 106
     158:	8a 95       	dec	r24
     15a:	f1 f7       	brne	.-4      	; 0x158 <HCSR04_Read+0x4>
     15c:	00 c0       	rjmp	.+0      	; 0x15e <HCSR04_Read+0xa>
     15e:	5a 98       	cbi	0x0b, 2	; 11
     160:	84 e6       	ldi	r24, 0x64	; 100
     162:	0e 94 a5 03 	call	0x74a	; 0x74a <startTimeout>
     166:	4b 99       	sbic	0x09, 3	; 9
     168:	0c c0       	rjmp	.+24     	; 0x182 <HCSR04_Read+0x2e>
     16a:	80 91 02 01 	lds	r24, 0x0102	; 0x800102 <didTimeout>
     16e:	88 23       	and	r24, r24
     170:	19 f0       	breq	.+6      	; 0x178 <HCSR04_Read+0x24>
     172:	8f ef       	ldi	r24, 0xFF	; 255
     174:	9f ef       	ldi	r25, 0xFF	; 255
     176:	08 95       	ret
     178:	85 e0       	ldi	r24, 0x05	; 5
     17a:	8a 95       	dec	r24
     17c:	f1 f7       	brne	.-4      	; 0x17a <HCSR04_Read+0x26>
     17e:	00 00       	nop
     180:	f2 cf       	rjmp	.-28     	; 0x166 <HCSR04_Read+0x12>
     182:	16 bc       	out	0x26, r1	; 38
     184:	84 e6       	ldi	r24, 0x64	; 100
     186:	0e 94 a5 03 	call	0x74a	; 0x74a <startTimeout>
     18a:	4b 9b       	sbis	0x09, 3	; 9
     18c:	09 c0       	rjmp	.+18     	; 0x1a0 <HCSR04_Read+0x4c>
     18e:	80 91 02 01 	lds	r24, 0x0102	; 0x800102 <didTimeout>
     192:	81 11       	cpse	r24, r1
     194:	ee cf       	rjmp	.-36     	; 0x172 <HCSR04_Read+0x1e>
     196:	85 e0       	ldi	r24, 0x05	; 5
     198:	8a 95       	dec	r24
     19a:	f1 f7       	brne	.-4      	; 0x198 <HCSR04_Read+0x44>
     19c:	00 00       	nop
     19e:	f5 cf       	rjmp	.-22     	; 0x18a <HCSR04_Read+0x36>
     1a0:	66 b5       	in	r22, 0x26	; 38
     1a2:	70 e0       	ldi	r23, 0x00	; 0
     1a4:	80 e0       	ldi	r24, 0x00	; 0
     1a6:	90 e0       	ldi	r25, 0x00	; 0
     1a8:	0e 94 14 0a 	call	0x1428	; 0x1428 <__floatsisf>
     1ac:	2d ec       	ldi	r18, 0xCD	; 205
     1ae:	3c ec       	ldi	r19, 0xCC	; 204
     1b0:	4c e8       	ldi	r20, 0x8C	; 140
     1b2:	5f e3       	ldi	r21, 0x3F	; 63
     1b4:	0e 94 a1 0a 	call	0x1542	; 0x1542 <__mulsf3>
     1b8:	0e 94 e3 09 	call	0x13c6	; 0x13c6 <__fixunssfsi>
     1bc:	cb 01       	movw	r24, r22
     1be:	08 95       	ret

000001c0 <I2C_Init>:
     1c0:	80 e2       	ldi	r24, 0x20	; 32
     1c2:	80 93 b8 00 	sts	0x00B8, r24	; 0x8000b8 <__DATA_REGION_ORIGIN__+0x58>
     1c6:	10 92 03 01 	sts	0x0103, r1	; 0x800103 <I2C_err>
     1ca:	08 95       	ret

000001cc <I2C_Start>:
     1cc:	84 ea       	ldi	r24, 0xA4	; 164
     1ce:	80 93 bc 00 	sts	0x00BC, r24	; 0x8000bc <__DATA_REGION_ORIGIN__+0x5c>
     1d2:	8e e1       	ldi	r24, 0x1E	; 30
     1d4:	0e 94 a5 03 	call	0x74a	; 0x74a <startTimeout>
     1d8:	80 91 bc 00 	lds	r24, 0x00BC	; 0x8000bc <__DATA_REGION_ORIGIN__+0x5c>
     1dc:	87 fd       	sbrc	r24, 7
     1de:	0a c0       	rjmp	.+20     	; 0x1f4 <I2C_Start+0x28>
     1e0:	80 91 02 01 	lds	r24, 0x0102	; 0x800102 <didTimeout>
     1e4:	88 23       	and	r24, r24
     1e6:	21 f0       	breq	.+8      	; 0x1f0 <I2C_Start+0x24>
     1e8:	81 e0       	ldi	r24, 0x01	; 1
     1ea:	80 93 03 01 	sts	0x0103, r24	; 0x800103 <I2C_err>
     1ee:	08 95       	ret
     1f0:	00 00       	nop
     1f2:	f2 cf       	rjmp	.-28     	; 0x1d8 <I2C_Start+0xc>
     1f4:	08 95       	ret

000001f6 <I2C_SendByte>:
     1f6:	80 93 bb 00 	sts	0x00BB, r24	; 0x8000bb <__DATA_REGION_ORIGIN__+0x5b>
     1fa:	84 e8       	ldi	r24, 0x84	; 132
     1fc:	80 93 bc 00 	sts	0x00BC, r24	; 0x8000bc <__DATA_REGION_ORIGIN__+0x5c>
     200:	8e e1       	ldi	r24, 0x1E	; 30
     202:	0e 94 a5 03 	call	0x74a	; 0x74a <startTimeout>
     206:	80 91 bc 00 	lds	r24, 0x00BC	; 0x8000bc <__DATA_REGION_ORIGIN__+0x5c>
     20a:	87 fd       	sbrc	r24, 7
     20c:	0a c0       	rjmp	.+20     	; 0x222 <I2C_SendByte+0x2c>
     20e:	80 91 02 01 	lds	r24, 0x0102	; 0x800102 <didTimeout>
     212:	88 23       	and	r24, r24
     214:	21 f0       	breq	.+8      	; 0x21e <I2C_SendByte+0x28>
     216:	81 e0       	ldi	r24, 0x01	; 1
     218:	80 93 03 01 	sts	0x0103, r24	; 0x800103 <I2C_err>
     21c:	08 95       	ret
     21e:	00 00       	nop
     220:	f2 cf       	rjmp	.-28     	; 0x206 <I2C_SendByte+0x10>
     222:	08 95       	ret

00000224 <I2C_ReciveByte>:
     224:	84 ec       	ldi	r24, 0xC4	; 196
     226:	80 93 bc 00 	sts	0x00BC, r24	; 0x8000bc <__DATA_REGION_ORIGIN__+0x5c>
     22a:	8e e1       	ldi	r24, 0x1E	; 30
     22c:	0e 94 a5 03 	call	0x74a	; 0x74a <startTimeout>
     230:	80 91 bc 00 	lds	r24, 0x00BC	; 0x8000bc <__DATA_REGION_ORIGIN__+0x5c>
     234:	87 fd       	sbrc	r24, 7
     236:	0b c0       	rjmp	.+22     	; 0x24e <I2C_ReciveByte+0x2a>
     238:	80 91 02 01 	lds	r24, 0x0102	; 0x800102 <didTimeout>
     23c:	88 23       	and	r24, r24
     23e:	29 f0       	breq	.+10     	; 0x24a <I2C_ReciveByte+0x26>
     240:	81 e0       	ldi	r24, 0x01	; 1
     242:	80 93 03 01 	sts	0x0103, r24	; 0x800103 <I2C_err>
     246:	8f ef       	ldi	r24, 0xFF	; 255
     248:	08 95       	ret
     24a:	00 00       	nop
     24c:	f1 cf       	rjmp	.-30     	; 0x230 <I2C_ReciveByte+0xc>
     24e:	80 91 bb 00 	lds	r24, 0x00BB	; 0x8000bb <__DATA_REGION_ORIGIN__+0x5b>
     252:	08 95       	ret

00000254 <I2C_ReciveByteLast>:
     254:	84 e8       	ldi	r24, 0x84	; 132
     256:	80 93 bc 00 	sts	0x00BC, r24	; 0x8000bc <__DATA_REGION_ORIGIN__+0x5c>
     25a:	8e e1       	ldi	r24, 0x1E	; 30
     25c:	0e 94 a5 03 	call	0x74a	; 0x74a <startTimeout>
     260:	80 91 bc 00 	lds	r24, 0x00BC	; 0x8000bc <__DATA_REGION_ORIGIN__+0x5c>
     264:	87 fd       	sbrc	r24, 7
     266:	0b c0       	rjmp	.+22     	; 0x27e <I2C_ReciveByteLast+0x2a>
     268:	80 91 02 01 	lds	r24, 0x0102	; 0x800102 <didTimeout>
     26c:	88 23       	and	r24, r24
     26e:	29 f0       	breq	.+10     	; 0x27a <I2C_ReciveByteLast+0x26>
     270:	81 e0       	ldi	r24, 0x01	; 1
     272:	80 93 03 01 	sts	0x0103, r24	; 0x800103 <I2C_err>
     276:	8f ef       	ldi	r24, 0xFF	; 255
     278:	08 95       	ret
     27a:	00 00       	nop
     27c:	f1 cf       	rjmp	.-30     	; 0x260 <I2C_ReciveByteLast+0xc>
     27e:	10 92 03 01 	sts	0x0103, r1	; 0x800103 <I2C_err>
     282:	80 91 bb 00 	lds	r24, 0x00BB	; 0x8000bb <__DATA_REGION_ORIGIN__+0x5b>
     286:	08 95       	ret

00000288 <I2C_writeReg>:
     288:	1f 93       	push	r17
     28a:	cf 93       	push	r28
     28c:	df 93       	push	r29
     28e:	18 2f       	mov	r17, r24
     290:	d6 2f       	mov	r29, r22
     292:	c4 2f       	mov	r28, r20
     294:	10 92 03 01 	sts	0x0103, r1	; 0x800103 <I2C_err>
     298:	0e 94 e6 00 	call	0x1cc	; 0x1cc <I2C_Start>
     29c:	81 2f       	mov	r24, r17
     29e:	88 0f       	add	r24, r24
     2a0:	0e 94 fb 00 	call	0x1f6	; 0x1f6 <I2C_SendByte>
     2a4:	8d 2f       	mov	r24, r29
     2a6:	0e 94 fb 00 	call	0x1f6	; 0x1f6 <I2C_SendByte>
     2aa:	8c 2f       	mov	r24, r28
     2ac:	0e 94 fb 00 	call	0x1f6	; 0x1f6 <I2C_SendByte>
     2b0:	84 e9       	ldi	r24, 0x94	; 148
     2b2:	80 93 bc 00 	sts	0x00BC, r24	; 0x8000bc <__DATA_REGION_ORIGIN__+0x5c>
     2b6:	df 91       	pop	r29
     2b8:	cf 91       	pop	r28
     2ba:	1f 91       	pop	r17
     2bc:	08 95       	ret

000002be <I2C_readReg>:
     2be:	cf 93       	push	r28
     2c0:	df 93       	push	r29
     2c2:	c8 2f       	mov	r28, r24
     2c4:	d6 2f       	mov	r29, r22
     2c6:	10 92 03 01 	sts	0x0103, r1	; 0x800103 <I2C_err>
     2ca:	0e 94 e6 00 	call	0x1cc	; 0x1cc <I2C_Start>
     2ce:	cc 0f       	add	r28, r28
     2d0:	8c 2f       	mov	r24, r28
     2d2:	0e 94 fb 00 	call	0x1f6	; 0x1f6 <I2C_SendByte>
     2d6:	8d 2f       	mov	r24, r29
     2d8:	0e 94 fb 00 	call	0x1f6	; 0x1f6 <I2C_SendByte>
     2dc:	0e 94 e6 00 	call	0x1cc	; 0x1cc <I2C_Start>
     2e0:	81 e0       	ldi	r24, 0x01	; 1
     2e2:	8c 0f       	add	r24, r28
     2e4:	0e 94 fb 00 	call	0x1f6	; 0x1f6 <I2C_SendByte>
     2e8:	0e 94 2a 01 	call	0x254	; 0x254 <I2C_ReciveByteLast>
     2ec:	94 e9       	ldi	r25, 0x94	; 148
     2ee:	90 93 bc 00 	sts	0x00BC, r25	; 0x8000bc <__DATA_REGION_ORIGIN__+0x5c>
     2f2:	df 91       	pop	r29
     2f4:	cf 91       	pop	r28
     2f6:	08 95       	ret

000002f8 <I2C_writeReg16>:
     2f8:	0f 93       	push	r16
     2fa:	1f 93       	push	r17
     2fc:	cf 93       	push	r28
     2fe:	df 93       	push	r29
     300:	08 2f       	mov	r16, r24
     302:	16 2f       	mov	r17, r22
     304:	ea 01       	movw	r28, r20
     306:	10 92 03 01 	sts	0x0103, r1	; 0x800103 <I2C_err>
     30a:	0e 94 e6 00 	call	0x1cc	; 0x1cc <I2C_Start>
     30e:	80 2f       	mov	r24, r16
     310:	88 0f       	add	r24, r24
     312:	0e 94 fb 00 	call	0x1f6	; 0x1f6 <I2C_SendByte>
     316:	81 2f       	mov	r24, r17
     318:	0e 94 fb 00 	call	0x1f6	; 0x1f6 <I2C_SendByte>
     31c:	8d 2f       	mov	r24, r29
     31e:	0e 94 fb 00 	call	0x1f6	; 0x1f6 <I2C_SendByte>
     322:	8c 2f       	mov	r24, r28
     324:	0e 94 fb 00 	call	0x1f6	; 0x1f6 <I2C_SendByte>
     328:	84 e9       	ldi	r24, 0x94	; 148
     32a:	80 93 bc 00 	sts	0x00BC, r24	; 0x8000bc <__DATA_REGION_ORIGIN__+0x5c>
     32e:	df 91       	pop	r29
     330:	cf 91       	pop	r28
     332:	1f 91       	pop	r17
     334:	0f 91       	pop	r16
     336:	08 95       	ret

00000338 <I2C_readReg16>:
     338:	cf 93       	push	r28
     33a:	df 93       	push	r29
     33c:	c8 2f       	mov	r28, r24
     33e:	d6 2f       	mov	r29, r22
     340:	10 92 03 01 	sts	0x0103, r1	; 0x800103 <I2C_err>
     344:	0e 94 e6 00 	call	0x1cc	; 0x1cc <I2C_Start>
     348:	cc 0f       	add	r28, r28
     34a:	8c 2f       	mov	r24, r28
     34c:	0e 94 fb 00 	call	0x1f6	; 0x1f6 <I2C_SendByte>
     350:	8d 2f       	mov	r24, r29
     352:	0e 94 fb 00 	call	0x1f6	; 0x1f6 <I2C_SendByte>
     356:	0e 94 e6 00 	call	0x1cc	; 0x1cc <I2C_Start>
     35a:	81 e0       	ldi	r24, 0x01	; 1
     35c:	8c 0f       	add	r24, r28
     35e:	0e 94 fb 00 	call	0x1f6	; 0x1f6 <I2C_SendByte>
     362:	0e 94 12 01 	call	0x224	; 0x224 <I2C_ReciveByte>
     366:	c8 2f       	mov	r28, r24
     368:	d0 e0       	ldi	r29, 0x00	; 0
     36a:	dc 2f       	mov	r29, r28
     36c:	cc 27       	eor	r28, r28
     36e:	0e 94 2a 01 	call	0x254	; 0x254 <I2C_ReciveByteLast>
     372:	94 e9       	ldi	r25, 0x94	; 148
     374:	90 93 bc 00 	sts	0x00BC, r25	; 0x8000bc <__DATA_REGION_ORIGIN__+0x5c>
     378:	9e 01       	movw	r18, r28
     37a:	28 2b       	or	r18, r24
     37c:	c9 01       	movw	r24, r18
     37e:	df 91       	pop	r29
     380:	cf 91       	pop	r28
     382:	08 95       	ret

00000384 <I2C_writeBuff>:
     384:	ff 92       	push	r15
     386:	0f 93       	push	r16
     388:	1f 93       	push	r17
     38a:	cf 93       	push	r28
     38c:	df 93       	push	r29
     38e:	d8 2f       	mov	r29, r24
     390:	c6 2f       	mov	r28, r22
     392:	f4 2e       	mov	r15, r20
     394:	05 2f       	mov	r16, r21
     396:	12 2f       	mov	r17, r18
     398:	10 92 03 01 	sts	0x0103, r1	; 0x800103 <I2C_err>
     39c:	0e 94 e6 00 	call	0x1cc	; 0x1cc <I2C_Start>
     3a0:	8d 2f       	mov	r24, r29
     3a2:	88 0f       	add	r24, r24
     3a4:	0e 94 fb 00 	call	0x1f6	; 0x1f6 <I2C_SendByte>
     3a8:	8c 2f       	mov	r24, r28
     3aa:	0e 94 fb 00 	call	0x1f6	; 0x1f6 <I2C_SendByte>
     3ae:	cf 2d       	mov	r28, r15
     3b0:	d0 2f       	mov	r29, r16
     3b2:	ce 01       	movw	r24, r28
     3b4:	81 0f       	add	r24, r17
     3b6:	91 1d       	adc	r25, r1
     3b8:	8c 01       	movw	r16, r24
     3ba:	c0 17       	cp	r28, r16
     3bc:	d1 07       	cpc	r29, r17
     3be:	21 f0       	breq	.+8      	; 0x3c8 <I2C_writeBuff+0x44>
     3c0:	89 91       	ld	r24, Y+
     3c2:	0e 94 fb 00 	call	0x1f6	; 0x1f6 <I2C_SendByte>
     3c6:	f9 cf       	rjmp	.-14     	; 0x3ba <I2C_writeBuff+0x36>
     3c8:	84 e9       	ldi	r24, 0x94	; 148
     3ca:	80 93 bc 00 	sts	0x00BC, r24	; 0x8000bc <__DATA_REGION_ORIGIN__+0x5c>
     3ce:	df 91       	pop	r29
     3d0:	cf 91       	pop	r28
     3d2:	1f 91       	pop	r17
     3d4:	0f 91       	pop	r16
     3d6:	ff 90       	pop	r15
     3d8:	08 95       	ret

000003da <I2C_readToBuff>:
     3da:	ef 92       	push	r14
     3dc:	ff 92       	push	r15
     3de:	0f 93       	push	r16
     3e0:	1f 93       	push	r17
     3e2:	cf 93       	push	r28
     3e4:	df 93       	push	r29
     3e6:	18 2f       	mov	r17, r24
     3e8:	c6 2f       	mov	r28, r22
     3ea:	7a 01       	movw	r14, r20
     3ec:	d2 2f       	mov	r29, r18
     3ee:	10 92 03 01 	sts	0x0103, r1	; 0x800103 <I2C_err>
     3f2:	0e 94 e6 00 	call	0x1cc	; 0x1cc <I2C_Start>
     3f6:	11 0f       	add	r17, r17
     3f8:	81 2f       	mov	r24, r17
     3fa:	0e 94 fb 00 	call	0x1f6	; 0x1f6 <I2C_SendByte>
     3fe:	8c 2f       	mov	r24, r28
     400:	0e 94 fb 00 	call	0x1f6	; 0x1f6 <I2C_SendByte>
     404:	0e 94 e6 00 	call	0x1cc	; 0x1cc <I2C_Start>
     408:	81 e0       	ldi	r24, 0x01	; 1
     40a:	81 0f       	add	r24, r17
     40c:	0e 94 fb 00 	call	0x1f6	; 0x1f6 <I2C_SendByte>
     410:	87 01       	movw	r16, r14
     412:	2d 2f       	mov	r18, r29
     414:	30 e0       	ldi	r19, 0x00	; 0
     416:	e9 01       	movw	r28, r18
     418:	21 97       	sbiw	r28, 0x01	; 1
     41a:	c8 01       	movw	r24, r16
     41c:	8e 19       	sub	r24, r14
     41e:	9f 09       	sbc	r25, r15
     420:	8c 17       	cp	r24, r28
     422:	9d 07       	cpc	r25, r29
     424:	34 f4       	brge	.+12     	; 0x432 <__LOCK_REGION_LENGTH__+0x32>
     426:	0e 94 12 01 	call	0x224	; 0x224 <I2C_ReciveByte>
     42a:	f8 01       	movw	r30, r16
     42c:	81 93       	st	Z+, r24
     42e:	8f 01       	movw	r16, r30
     430:	f4 cf       	rjmp	.-24     	; 0x41a <__LOCK_REGION_LENGTH__+0x1a>
     432:	ce 0d       	add	r28, r14
     434:	df 1d       	adc	r29, r15
     436:	0e 94 2a 01 	call	0x254	; 0x254 <I2C_ReciveByteLast>
     43a:	88 83       	st	Y, r24
     43c:	84 e9       	ldi	r24, 0x94	; 148
     43e:	80 93 bc 00 	sts	0x00BC, r24	; 0x8000bc <__DATA_REGION_ORIGIN__+0x5c>
     442:	df 91       	pop	r29
     444:	cf 91       	pop	r28
     446:	1f 91       	pop	r17
     448:	0f 91       	pop	r16
     44a:	ff 90       	pop	r15
     44c:	ef 90       	pop	r14
     44e:	08 95       	ret

00000450 <__vector_9>:
     450:	1f 92       	push	r1
     452:	0f 92       	push	r0
     454:	0f b6       	in	r0, 0x3f	; 63
     456:	0f 92       	push	r0
     458:	11 24       	eor	r1, r1
     45a:	8f 93       	push	r24
     45c:	9f 93       	push	r25
     45e:	80 91 00 01 	lds	r24, 0x0100	; 0x800100 <_edata>
     462:	90 91 01 01 	lds	r25, 0x0101	; 0x800101 <_edata+0x1>
     466:	00 97       	sbiw	r24, 0x00	; 0
     468:	31 f0       	breq	.+12     	; 0x476 <__vector_9+0x26>
     46a:	01 97       	sbiw	r24, 0x01	; 1
     46c:	90 93 01 01 	sts	0x0101, r25	; 0x800101 <_edata+0x1>
     470:	80 93 00 01 	sts	0x0100, r24	; 0x800100 <_edata>
     474:	03 c0       	rjmp	.+6      	; 0x47c <__vector_9+0x2c>
     476:	81 e0       	ldi	r24, 0x01	; 1
     478:	80 93 02 01 	sts	0x0102, r24	; 0x800102 <didTimeout>
     47c:	9f 91       	pop	r25
     47e:	8f 91       	pop	r24
     480:	0f 90       	pop	r0
     482:	0f be       	out	0x3f, r0	; 63
     484:	0f 90       	pop	r0
     486:	1f 90       	pop	r1
     488:	18 95       	reti

0000048a <selfdiagnostic>:
     48a:	0f 93       	push	r16
     48c:	1f 93       	push	r17
     48e:	cf 93       	push	r28
     490:	df 93       	push	r29
     492:	0e 94 65 00 	call	0xca	; 0xca <countCrc>
     496:	8c 01       	movw	r16, r24
     498:	0e 94 86 00 	call	0x10c	; 0x10c <readCrcFromEEPROM>
     49c:	ec 01       	movw	r28, r24
     49e:	cf 3f       	cpi	r28, 0xFF	; 255
     4a0:	8f ef       	ldi	r24, 0xFF	; 255
     4a2:	d8 07       	cpc	r29, r24
     4a4:	19 f4       	brne	.+6      	; 0x4ac <selfdiagnostic+0x22>
     4a6:	c8 01       	movw	r24, r16
     4a8:	0e 94 93 00 	call	0x126	; 0x126 <writeCrcToEEPROM>
     4ac:	0c 17       	cp	r16, r28
     4ae:	1d 07       	cpc	r17, r29
     4b0:	11 f0       	breq	.+4      	; 0x4b6 <selfdiagnostic+0x2c>
     4b2:	88 ec       	ldi	r24, 0xC8	; 200
     4b4:	0b c0       	rjmp	.+22     	; 0x4cc <selfdiagnostic+0x42>
     4b6:	0e 94 aa 00 	call	0x154	; 0x154 <HCSR04_Read>
     4ba:	0e 94 15 04 	call	0x82a	; 0x82a <VL53L0X_askRangeSingleMillimeters>
     4be:	0e 94 43 04 	call	0x886	; 0x886 <VL53L0X_readRangeSingleMillimeters>
     4c2:	80 91 03 01 	lds	r24, 0x0103	; 0x800103 <I2C_err>
     4c6:	88 23       	and	r24, r24
     4c8:	29 f0       	breq	.+10     	; 0x4d4 <selfdiagnostic+0x4a>
     4ca:	87 ec       	ldi	r24, 0xC7	; 199
     4cc:	0e 94 bd 03 	call	0x77a	; 0x77a <UART_write8>
     4d0:	80 e0       	ldi	r24, 0x00	; 0
     4d2:	04 c0       	rjmp	.+8      	; 0x4dc <selfdiagnostic+0x52>
     4d4:	80 ea       	ldi	r24, 0xA0	; 160
     4d6:	0e 94 bd 03 	call	0x77a	; 0x77a <UART_write8>
     4da:	81 e0       	ldi	r24, 0x01	; 1
     4dc:	df 91       	pop	r29
     4de:	cf 91       	pop	r28
     4e0:	1f 91       	pop	r17
     4e2:	0f 91       	pop	r16
     4e4:	08 95       	ret

000004e6 <__vector_18>:
     4e6:	1f 92       	push	r1
     4e8:	0f 92       	push	r0
     4ea:	0f b6       	in	r0, 0x3f	; 63
     4ec:	0f 92       	push	r0
     4ee:	11 24       	eor	r1, r1
     4f0:	2f 93       	push	r18
     4f2:	3f 93       	push	r19
     4f4:	4f 93       	push	r20
     4f6:	5f 93       	push	r21
     4f8:	6f 93       	push	r22
     4fa:	7f 93       	push	r23
     4fc:	8f 93       	push	r24
     4fe:	9f 93       	push	r25
     500:	af 93       	push	r26
     502:	bf 93       	push	r27
     504:	ef 93       	push	r30
     506:	ff 93       	push	r31
     508:	0e 94 d1 03 	call	0x7a2	; 0x7a2 <UART_read8>
     50c:	90 e0       	ldi	r25, 0x00	; 0
     50e:	fc 01       	movw	r30, r24
     510:	e0 5b       	subi	r30, 0xB0	; 176
     512:	f1 09       	sbc	r31, r1
     514:	e7 30       	cpi	r30, 0x07	; 7
     516:	f1 05       	cpc	r31, r1
     518:	30 f5       	brcc	.+76     	; 0x566 <__vector_18+0x80>
     51a:	ec 5c       	subi	r30, 0xCC	; 204
     51c:	ff 4f       	sbci	r31, 0xFF	; 255
     51e:	0c 94 6c 0b 	jmp	0x16d8	; 0x16d8 <__tablejump2__>
     522:	10 92 0d 01 	sts	0x010D, r1	; 0x80010d <isWork>
     526:	1f c0       	rjmp	.+62     	; 0x566 <__vector_18+0x80>
     528:	81 e0       	ldi	r24, 0x01	; 1
     52a:	80 93 0d 01 	sts	0x010D, r24	; 0x80010d <isWork>
     52e:	1b c0       	rjmp	.+54     	; 0x566 <__vector_18+0x80>
     530:	80 91 0d 01 	lds	r24, 0x010D	; 0x80010d <isWork>
     534:	88 23       	and	r24, r24
     536:	11 f0       	breq	.+4      	; 0x53c <__vector_18+0x56>
     538:	85 ea       	ldi	r24, 0xA5	; 165
     53a:	01 c0       	rjmp	.+2      	; 0x53e <__vector_18+0x58>
     53c:	86 ea       	ldi	r24, 0xA6	; 166
     53e:	0e 94 bd 03 	call	0x77a	; 0x77a <UART_write8>
     542:	11 c0       	rjmp	.+34     	; 0x566 <__vector_18+0x80>
     544:	0e 94 d1 03 	call	0x7a2	; 0x7a2 <UART_read8>
     548:	80 93 0b 01 	sts	0x010B, r24	; 0x80010b <minAng>
     54c:	0c c0       	rjmp	.+24     	; 0x566 <__vector_18+0x80>
     54e:	0e 94 d1 03 	call	0x7a2	; 0x7a2 <UART_read8>
     552:	80 93 04 01 	sts	0x0104, r24	; 0x800104 <maxAng>
     556:	07 c0       	rjmp	.+14     	; 0x566 <__vector_18+0x80>
     558:	0e 94 d1 03 	call	0x7a2	; 0x7a2 <UART_read8>
     55c:	80 93 0c 01 	sts	0x010C, r24	; 0x80010c <step>
     560:	02 c0       	rjmp	.+4      	; 0x566 <__vector_18+0x80>
     562:	0e 94 45 02 	call	0x48a	; 0x48a <selfdiagnostic>
     566:	ff 91       	pop	r31
     568:	ef 91       	pop	r30
     56a:	bf 91       	pop	r27
     56c:	af 91       	pop	r26
     56e:	9f 91       	pop	r25
     570:	8f 91       	pop	r24
     572:	7f 91       	pop	r23
     574:	6f 91       	pop	r22
     576:	5f 91       	pop	r21
     578:	4f 91       	pop	r20
     57a:	3f 91       	pop	r19
     57c:	2f 91       	pop	r18
     57e:	0f 90       	pop	r0
     580:	0f be       	out	0x3f, r0	; 63
     582:	0f 90       	pop	r0
     584:	1f 90       	pop	r1
     586:	18 95       	reti

00000588 <main>:
     588:	0e 94 af 03 	call	0x75e	; 0x75e <UART_Init>
     58c:	0e 94 e0 00 	call	0x1c0	; 0x1c0 <I2C_Init>
     590:	0e 94 63 03 	call	0x6c6	; 0x6c6 <servoInit>
     594:	81 e0       	ldi	r24, 0x01	; 1
     596:	0e 94 3e 07 	call	0xe7c	; 0xe7c <VL53L0X_init>
     59a:	0e 94 a4 00 	call	0x148	; 0x148 <HCSR04_Init>
     59e:	0e 94 94 03 	call	0x728	; 0x728 <timeoutTimerInit>
     5a2:	78 94       	sei
     5a4:	0e 94 45 02 	call	0x48a	; 0x48a <selfdiagnostic>
     5a8:	80 93 0d 01 	sts	0x010D, r24	; 0x80010d <isWork>
     5ac:	10 92 0b 01 	sts	0x010B, r1	; 0x80010b <minAng>
     5b0:	84 eb       	ldi	r24, 0xB4	; 180
     5b2:	80 93 04 01 	sts	0x0104, r24	; 0x800104 <maxAng>
     5b6:	81 e0       	ldi	r24, 0x01	; 1
     5b8:	80 93 0c 01 	sts	0x010C, r24	; 0x80010c <step>
     5bc:	d0 e0       	ldi	r29, 0x00	; 0
     5be:	c1 e0       	ldi	r28, 0x01	; 1
     5c0:	9a e0       	ldi	r25, 0x0A	; 10
     5c2:	e9 2e       	mov	r14, r25
     5c4:	f1 2c       	mov	r15, r1
     5c6:	80 91 0d 01 	lds	r24, 0x010D	; 0x80010d <isWork>
     5ca:	81 11       	cpse	r24, r1
     5cc:	01 c0       	rjmp	.+2      	; 0x5d0 <main+0x48>
     5ce:	ff cf       	rjmp	.-2      	; 0x5ce <main+0x46>
     5d0:	0e 94 15 04 	call	0x82a	; 0x82a <VL53L0X_askRangeSingleMillimeters>
     5d4:	0e 94 aa 00 	call	0x154	; 0x154 <HCSR04_Read>
     5d8:	8c 01       	movw	r16, r24
     5da:	0f 3f       	cpi	r16, 0xFF	; 255
     5dc:	8f ef       	ldi	r24, 0xFF	; 255
     5de:	18 07       	cpc	r17, r24
     5e0:	21 f4       	brne	.+8      	; 0x5ea <main+0x62>
     5e2:	82 ec       	ldi	r24, 0xC2	; 194
     5e4:	0e 94 bd 03 	call	0x77a	; 0x77a <UART_write8>
     5e8:	0f c0       	rjmp	.+30     	; 0x608 <main+0x80>
     5ea:	09 3c       	cpi	r16, 0xC9	; 201
     5ec:	11 05       	cpc	r17, r1
     5ee:	30 f0       	brcs	.+12     	; 0x5fc <main+0x74>
     5f0:	84 ec       	ldi	r24, 0xC4	; 196
     5f2:	0e 94 bd 03 	call	0x77a	; 0x77a <UART_write8>
     5f6:	0f ef       	ldi	r16, 0xFF	; 255
     5f8:	1f ef       	ldi	r17, 0xFF	; 255
     5fa:	06 c0       	rjmp	.+12     	; 0x608 <main+0x80>
     5fc:	82 ea       	ldi	r24, 0xA2	; 162
     5fe:	0e 94 bd 03 	call	0x77a	; 0x77a <UART_write8>
     602:	c8 01       	movw	r24, r16
     604:	0e 94 c4 03 	call	0x788	; 0x788 <UART_write16>
     608:	0e 94 43 04 	call	0x886	; 0x886 <VL53L0X_readRangeSingleMillimeters>
     60c:	b7 01       	movw	r22, r14
     60e:	0e 94 36 0b 	call	0x166c	; 0x166c <__udivmodhi4>
     612:	6b 01       	movw	r12, r22
     614:	80 91 03 01 	lds	r24, 0x0103	; 0x800103 <I2C_err>
     618:	88 23       	and	r24, r24
     61a:	39 f0       	breq	.+14     	; 0x62a <main+0xa2>
     61c:	81 ec       	ldi	r24, 0xC1	; 193
     61e:	0e 94 bd 03 	call	0x77a	; 0x77a <UART_write8>
     622:	81 e0       	ldi	r24, 0x01	; 1
     624:	0e 94 3e 07 	call	0xe7c	; 0xe7c <VL53L0X_init>
     628:	19 c0       	rjmp	.+50     	; 0x65c <main+0xd4>
     62a:	69 3c       	cpi	r22, 0xC9	; 201
     62c:	71 05       	cpc	r23, r1
     62e:	58 f0       	brcs	.+22     	; 0x646 <main+0xbe>
     630:	83 ec       	ldi	r24, 0xC3	; 195
     632:	0e 94 bd 03 	call	0x77a	; 0x77a <UART_write8>
     636:	0f 3f       	cpi	r16, 0xFF	; 255
     638:	8f ef       	ldi	r24, 0xFF	; 255
     63a:	18 07       	cpc	r17, r24
     63c:	59 f0       	breq	.+22     	; 0x654 <main+0xcc>
     63e:	cc 24       	eor	r12, r12
     640:	ca 94       	dec	r12
     642:	dc 2c       	mov	r13, r12
     644:	0b c0       	rjmp	.+22     	; 0x65c <main+0xd4>
     646:	81 ea       	ldi	r24, 0xA1	; 161
     648:	0e 94 bd 03 	call	0x77a	; 0x77a <UART_write8>
     64c:	c6 01       	movw	r24, r12
     64e:	0e 94 c4 03 	call	0x788	; 0x788 <UART_write16>
     652:	04 c0       	rjmp	.+8      	; 0x65c <main+0xd4>
     654:	85 ec       	ldi	r24, 0xC5	; 197
     656:	0e 94 bd 03 	call	0x77a	; 0x77a <UART_write8>
     65a:	09 c0       	rjmp	.+18     	; 0x66e <main+0xe6>
     65c:	83 ea       	ldi	r24, 0xA3	; 163
     65e:	0e 94 bd 03 	call	0x77a	; 0x77a <UART_write8>
     662:	b6 01       	movw	r22, r12
     664:	c8 01       	movw	r24, r16
     666:	0e 94 4f 00 	call	0x9e	; 0x9e <getMidDist>
     66a:	0e 94 c4 03 	call	0x788	; 0x788 <UART_write16>
     66e:	84 ea       	ldi	r24, 0xA4	; 164
     670:	0e 94 bd 03 	call	0x77a	; 0x77a <UART_write8>
     674:	8c 2f       	mov	r24, r28
     676:	0e 94 bd 03 	call	0x77a	; 0x77a <UART_write8>
     67a:	20 91 0c 01 	lds	r18, 0x010C	; 0x80010c <step>
     67e:	8c 2f       	mov	r24, r28
     680:	90 e0       	ldi	r25, 0x00	; 0
     682:	dd 23       	and	r29, r29
     684:	39 f0       	breq	.+14     	; 0x694 <main+0x10c>
     686:	82 1b       	sub	r24, r18
     688:	91 09       	sbc	r25, r1
     68a:	18 16       	cp	r1, r24
     68c:	19 06       	cpc	r1, r25
     68e:	4c f4       	brge	.+18     	; 0x6a2 <main+0x11a>
     690:	c2 1b       	sub	r28, r18
     692:	0a c0       	rjmp	.+20     	; 0x6a8 <main+0x120>
     694:	82 0f       	add	r24, r18
     696:	91 1d       	adc	r25, r1
     698:	84 3b       	cpi	r24, 0xB4	; 180
     69a:	91 05       	cpc	r25, r1
     69c:	24 f4       	brge	.+8      	; 0x6a6 <main+0x11e>
     69e:	c2 0f       	add	r28, r18
     6a0:	03 c0       	rjmp	.+6      	; 0x6a8 <main+0x120>
     6a2:	c0 e0       	ldi	r28, 0x00	; 0
     6a4:	01 c0       	rjmp	.+2      	; 0x6a8 <main+0x120>
     6a6:	c4 eb       	ldi	r28, 0xB4	; 180
     6a8:	80 91 04 01 	lds	r24, 0x0104	; 0x800104 <maxAng>
     6ac:	c8 17       	cp	r28, r24
     6ae:	08 f0       	brcs	.+2      	; 0x6b2 <main+0x12a>
     6b0:	d1 e0       	ldi	r29, 0x01	; 1
     6b2:	80 91 0b 01 	lds	r24, 0x010B	; 0x80010b <minAng>
     6b6:	8c 17       	cp	r24, r28
     6b8:	08 f0       	brcs	.+2      	; 0x6bc <main+0x134>
     6ba:	d0 e0       	ldi	r29, 0x00	; 0
     6bc:	61 e0       	ldi	r22, 0x01	; 1
     6be:	8c 2f       	mov	r24, r28
     6c0:	0e 94 7b 03 	call	0x6f6	; 0x6f6 <setServoAngle>
     6c4:	80 cf       	rjmp	.-256    	; 0x5c6 <main+0x3e>

000006c6 <servoInit>:
     6c6:	82 ea       	ldi	r24, 0xA2	; 162
     6c8:	80 93 80 00 	sts	0x0080, r24	; 0x800080 <__DATA_REGION_ORIGIN__+0x20>
     6cc:	8a e1       	ldi	r24, 0x1A	; 26
     6ce:	80 93 81 00 	sts	0x0081, r24	; 0x800081 <__DATA_REGION_ORIGIN__+0x21>
     6d2:	84 b1       	in	r24, 0x04	; 4
     6d4:	86 60       	ori	r24, 0x06	; 6
     6d6:	84 b9       	out	0x04, r24	; 4
     6d8:	80 e4       	ldi	r24, 0x40	; 64
     6da:	9c e9       	ldi	r25, 0x9C	; 156
     6dc:	90 93 87 00 	sts	0x0087, r25	; 0x800087 <__DATA_REGION_ORIGIN__+0x27>
     6e0:	80 93 86 00 	sts	0x0086, r24	; 0x800086 <__DATA_REGION_ORIGIN__+0x26>
     6e4:	10 92 89 00 	sts	0x0089, r1	; 0x800089 <__DATA_REGION_ORIGIN__+0x29>
     6e8:	10 92 88 00 	sts	0x0088, r1	; 0x800088 <__DATA_REGION_ORIGIN__+0x28>
     6ec:	10 92 8b 00 	sts	0x008B, r1	; 0x80008b <__DATA_REGION_ORIGIN__+0x2b>
     6f0:	10 92 8a 00 	sts	0x008A, r1	; 0x80008a <__DATA_REGION_ORIGIN__+0x2a>
     6f4:	08 95       	ret

000006f6 <setServoAngle>:
     6f6:	26 2f       	mov	r18, r22
     6f8:	38 ec       	ldi	r19, 0xC8	; 200
     6fa:	83 9f       	mul	r24, r19
     6fc:	c0 01       	movw	r24, r0
     6fe:	11 24       	eor	r1, r1
     700:	62 e1       	ldi	r22, 0x12	; 18
     702:	70 e0       	ldi	r23, 0x00	; 0
     704:	0e 94 36 0b 	call	0x166c	; 0x166c <__udivmodhi4>
     708:	60 53       	subi	r22, 0x30	; 48
     70a:	78 4f       	sbci	r23, 0xF8	; 248
     70c:	21 11       	cpse	r18, r1
     70e:	05 c0       	rjmp	.+10     	; 0x71a <setServoAngle+0x24>
     710:	70 93 89 00 	sts	0x0089, r23	; 0x800089 <__DATA_REGION_ORIGIN__+0x29>
     714:	60 93 88 00 	sts	0x0088, r22	; 0x800088 <__DATA_REGION_ORIGIN__+0x28>
     718:	08 95       	ret
     71a:	21 30       	cpi	r18, 0x01	; 1
     71c:	21 f4       	brne	.+8      	; 0x726 <setServoAngle+0x30>
     71e:	70 93 8b 00 	sts	0x008B, r23	; 0x80008b <__DATA_REGION_ORIGIN__+0x2b>
     722:	60 93 8a 00 	sts	0x008A, r22	; 0x80008a <__DATA_REGION_ORIGIN__+0x2a>
     726:	08 95       	ret

00000728 <timeoutTimerInit>:
     728:	84 e0       	ldi	r24, 0x04	; 4
     72a:	80 93 b1 00 	sts	0x00B1, r24	; 0x8000b1 <__DATA_REGION_ORIGIN__+0x51>
     72e:	e0 e7       	ldi	r30, 0x70	; 112
     730:	f0 e0       	ldi	r31, 0x00	; 0
     732:	80 81       	ld	r24, Z
     734:	81 60       	ori	r24, 0x01	; 1
     736:	80 83       	st	Z, r24
     738:	10 92 02 01 	sts	0x0102, r1	; 0x800102 <didTimeout>
     73c:	10 92 01 01 	sts	0x0101, r1	; 0x800101 <_edata+0x1>
     740:	10 92 00 01 	sts	0x0100, r1	; 0x800100 <_edata>
     744:	10 92 b2 00 	sts	0x00B2, r1	; 0x8000b2 <__DATA_REGION_ORIGIN__+0x52>
     748:	08 95       	ret

0000074a <startTimeout>:
     74a:	10 92 02 01 	sts	0x0102, r1	; 0x800102 <didTimeout>
     74e:	90 e0       	ldi	r25, 0x00	; 0
     750:	90 93 01 01 	sts	0x0101, r25	; 0x800101 <_edata+0x1>
     754:	80 93 00 01 	sts	0x0100, r24	; 0x800100 <_edata>
     758:	10 92 b2 00 	sts	0x00B2, r1	; 0x8000b2 <__DATA_REGION_ORIGIN__+0x52>
     75c:	08 95       	ret

0000075e <UART_Init>:
     75e:	10 92 c0 00 	sts	0x00C0, r1	; 0x8000c0 <__DATA_REGION_ORIGIN__+0x60>
     762:	88 e9       	ldi	r24, 0x98	; 152
     764:	80 93 c1 00 	sts	0x00C1, r24	; 0x8000c1 <__DATA_REGION_ORIGIN__+0x61>
     768:	86 e0       	ldi	r24, 0x06	; 6
     76a:	80 93 c2 00 	sts	0x00C2, r24	; 0x8000c2 <__DATA_REGION_ORIGIN__+0x62>
     76e:	10 92 c5 00 	sts	0x00C5, r1	; 0x8000c5 <__DATA_REGION_ORIGIN__+0x65>
     772:	87 e6       	ldi	r24, 0x67	; 103
     774:	80 93 c4 00 	sts	0x00C4, r24	; 0x8000c4 <__DATA_REGION_ORIGIN__+0x64>
     778:	08 95       	ret

0000077a <UART_write8>:
     77a:	90 91 c0 00 	lds	r25, 0x00C0	; 0x8000c0 <__DATA_REGION_ORIGIN__+0x60>
     77e:	95 ff       	sbrs	r25, 5
     780:	fc cf       	rjmp	.-8      	; 0x77a <UART_write8>
     782:	80 93 c6 00 	sts	0x00C6, r24	; 0x8000c6 <__DATA_REGION_ORIGIN__+0x66>
     786:	08 95       	ret

00000788 <UART_write16>:
     788:	20 91 c0 00 	lds	r18, 0x00C0	; 0x8000c0 <__DATA_REGION_ORIGIN__+0x60>
     78c:	25 ff       	sbrs	r18, 5
     78e:	fc cf       	rjmp	.-8      	; 0x788 <UART_write16>
     790:	90 93 c6 00 	sts	0x00C6, r25	; 0x8000c6 <__DATA_REGION_ORIGIN__+0x66>
     794:	90 91 c0 00 	lds	r25, 0x00C0	; 0x8000c0 <__DATA_REGION_ORIGIN__+0x60>
     798:	95 ff       	sbrs	r25, 5
     79a:	fc cf       	rjmp	.-8      	; 0x794 <UART_write16+0xc>
     79c:	80 93 c6 00 	sts	0x00C6, r24	; 0x8000c6 <__DATA_REGION_ORIGIN__+0x66>
     7a0:	08 95       	ret

000007a2 <UART_read8>:
     7a2:	80 91 c0 00 	lds	r24, 0x00C0	; 0x8000c0 <__DATA_REGION_ORIGIN__+0x60>
     7a6:	87 ff       	sbrs	r24, 7
     7a8:	fc cf       	rjmp	.-8      	; 0x7a2 <UART_read8>
     7aa:	80 91 c6 00 	lds	r24, 0x00C6	; 0x8000c6 <__DATA_REGION_ORIGIN__+0x66>
     7ae:	08 95       	ret

000007b0 <VL53L0X_setSignalRateLimit>:
     7b0:	cf 92       	push	r12
     7b2:	df 92       	push	r13
     7b4:	ef 92       	push	r14
     7b6:	ff 92       	push	r15
     7b8:	6b 01       	movw	r12, r22
     7ba:	7c 01       	movw	r14, r24
     7bc:	20 e0       	ldi	r18, 0x00	; 0
     7be:	30 e0       	ldi	r19, 0x00	; 0
     7c0:	a9 01       	movw	r20, r18
     7c2:	0e 94 de 09 	call	0x13bc	; 0x13bc <__cmpsf2>
     7c6:	87 fd       	sbrc	r24, 7
     7c8:	1b c0       	rjmp	.+54     	; 0x800 <VL53L0X_setSignalRateLimit+0x50>
     7ca:	28 eb       	ldi	r18, 0xB8	; 184
     7cc:	3e ef       	ldi	r19, 0xFE	; 254
     7ce:	4f ef       	ldi	r20, 0xFF	; 255
     7d0:	53 e4       	ldi	r21, 0x43	; 67
     7d2:	c7 01       	movw	r24, r14
     7d4:	b6 01       	movw	r22, r12
     7d6:	0e 94 9c 0a 	call	0x1538	; 0x1538 <__gesf2>
     7da:	18 16       	cp	r1, r24
     7dc:	8c f0       	brlt	.+34     	; 0x800 <VL53L0X_setSignalRateLimit+0x50>
     7de:	20 e0       	ldi	r18, 0x00	; 0
     7e0:	30 e0       	ldi	r19, 0x00	; 0
     7e2:	40 e0       	ldi	r20, 0x00	; 0
     7e4:	53 e4       	ldi	r21, 0x43	; 67
     7e6:	c7 01       	movw	r24, r14
     7e8:	b6 01       	movw	r22, r12
     7ea:	0e 94 a1 0a 	call	0x1542	; 0x1542 <__mulsf3>
     7ee:	0e 94 e3 09 	call	0x13c6	; 0x13c6 <__fixunssfsi>
     7f2:	ab 01       	movw	r20, r22
     7f4:	64 e4       	ldi	r22, 0x44	; 68
     7f6:	89 e2       	ldi	r24, 0x29	; 41
     7f8:	0e 94 7c 01 	call	0x2f8	; 0x2f8 <I2C_writeReg16>
     7fc:	81 e0       	ldi	r24, 0x01	; 1
     7fe:	01 c0       	rjmp	.+2      	; 0x802 <VL53L0X_setSignalRateLimit+0x52>
     800:	80 e0       	ldi	r24, 0x00	; 0
     802:	ff 90       	pop	r15
     804:	ef 90       	pop	r14
     806:	df 90       	pop	r13
     808:	cf 90       	pop	r12
     80a:	08 95       	ret

0000080c <VL53L0X_getVcselPulsePeriod>:
     80c:	81 11       	cpse	r24, r1
     80e:	02 c0       	rjmp	.+4      	; 0x814 <VL53L0X_getVcselPulsePeriod+0x8>
     810:	60 e5       	ldi	r22, 0x50	; 80
     812:	03 c0       	rjmp	.+6      	; 0x81a <VL53L0X_getVcselPulsePeriod+0xe>
     814:	81 30       	cpi	r24, 0x01	; 1
     816:	39 f4       	brne	.+14     	; 0x826 <VL53L0X_getVcselPulsePeriod+0x1a>
     818:	60 e7       	ldi	r22, 0x70	; 112
     81a:	89 e2       	ldi	r24, 0x29	; 41
     81c:	0e 94 5f 01 	call	0x2be	; 0x2be <I2C_readReg>
     820:	8f 5f       	subi	r24, 0xFF	; 255
     822:	88 0f       	add	r24, r24
     824:	08 95       	ret
     826:	8f ef       	ldi	r24, 0xFF	; 255
     828:	08 95       	ret

0000082a <VL53L0X_askRangeSingleMillimeters>:
     82a:	41 e0       	ldi	r20, 0x01	; 1
     82c:	60 e8       	ldi	r22, 0x80	; 128
     82e:	89 e2       	ldi	r24, 0x29	; 41
     830:	0e 94 44 01 	call	0x288	; 0x288 <I2C_writeReg>
     834:	80 91 03 01 	lds	r24, 0x0103	; 0x800103 <I2C_err>
     838:	81 11       	cpse	r24, r1
     83a:	24 c0       	rjmp	.+72     	; 0x884 <VL53L0X_askRangeSingleMillimeters+0x5a>
     83c:	41 e0       	ldi	r20, 0x01	; 1
     83e:	6f ef       	ldi	r22, 0xFF	; 255
     840:	89 e2       	ldi	r24, 0x29	; 41
     842:	0e 94 44 01 	call	0x288	; 0x288 <I2C_writeReg>
     846:	40 e0       	ldi	r20, 0x00	; 0
     848:	60 e0       	ldi	r22, 0x00	; 0
     84a:	89 e2       	ldi	r24, 0x29	; 41
     84c:	0e 94 44 01 	call	0x288	; 0x288 <I2C_writeReg>
     850:	40 91 09 01 	lds	r20, 0x0109	; 0x800109 <VL53L0X_stop_variable>
     854:	61 e9       	ldi	r22, 0x91	; 145
     856:	89 e2       	ldi	r24, 0x29	; 41
     858:	0e 94 44 01 	call	0x288	; 0x288 <I2C_writeReg>
     85c:	41 e0       	ldi	r20, 0x01	; 1
     85e:	60 e0       	ldi	r22, 0x00	; 0
     860:	89 e2       	ldi	r24, 0x29	; 41
     862:	0e 94 44 01 	call	0x288	; 0x288 <I2C_writeReg>
     866:	40 e0       	ldi	r20, 0x00	; 0
     868:	6f ef       	ldi	r22, 0xFF	; 255
     86a:	89 e2       	ldi	r24, 0x29	; 41
     86c:	0e 94 44 01 	call	0x288	; 0x288 <I2C_writeReg>
     870:	40 e0       	ldi	r20, 0x00	; 0
     872:	60 e8       	ldi	r22, 0x80	; 128
     874:	89 e2       	ldi	r24, 0x29	; 41
     876:	0e 94 44 01 	call	0x288	; 0x288 <I2C_writeReg>
     87a:	41 e0       	ldi	r20, 0x01	; 1
     87c:	60 e0       	ldi	r22, 0x00	; 0
     87e:	89 e2       	ldi	r24, 0x29	; 41
     880:	0c 94 44 01 	jmp	0x288	; 0x288 <I2C_writeReg>
     884:	08 95       	ret

00000886 <VL53L0X_readRangeSingleMillimeters>:
     886:	cf 93       	push	r28
     888:	df 93       	push	r29
     88a:	60 e0       	ldi	r22, 0x00	; 0
     88c:	89 e2       	ldi	r24, 0x29	; 41
     88e:	0e 94 5f 01 	call	0x2be	; 0x2be <I2C_readReg>
     892:	90 91 03 01 	lds	r25, 0x0103	; 0x800103 <I2C_err>
     896:	80 ff       	sbrs	r24, 0
     898:	02 c0       	rjmp	.+4      	; 0x89e <VL53L0X_readRangeSingleMillimeters+0x18>
     89a:	99 23       	and	r25, r25
     89c:	b1 f3       	breq	.-20     	; 0x88a <VL53L0X_readRangeSingleMillimeters+0x4>
     89e:	91 11       	cpse	r25, r1
     8a0:	18 c0       	rjmp	.+48     	; 0x8d2 <VL53L0X_readRangeSingleMillimeters+0x4c>
     8a2:	63 e1       	ldi	r22, 0x13	; 19
     8a4:	89 e2       	ldi	r24, 0x29	; 41
     8a6:	0e 94 5f 01 	call	0x2be	; 0x2be <I2C_readReg>
     8aa:	87 70       	andi	r24, 0x07	; 7
     8ac:	21 f4       	brne	.+8      	; 0x8b6 <VL53L0X_readRangeSingleMillimeters+0x30>
     8ae:	80 91 03 01 	lds	r24, 0x0103	; 0x800103 <I2C_err>
     8b2:	88 23       	and	r24, r24
     8b4:	b1 f3       	breq	.-20     	; 0x8a2 <VL53L0X_readRangeSingleMillimeters+0x1c>
     8b6:	6e e1       	ldi	r22, 0x1E	; 30
     8b8:	89 e2       	ldi	r24, 0x29	; 41
     8ba:	0e 94 9c 01 	call	0x338	; 0x338 <I2C_readReg16>
     8be:	d8 2f       	mov	r29, r24
     8c0:	c9 2f       	mov	r28, r25
     8c2:	41 e0       	ldi	r20, 0x01	; 1
     8c4:	6b e0       	ldi	r22, 0x0B	; 11
     8c6:	89 e2       	ldi	r24, 0x29	; 41
     8c8:	0e 94 44 01 	call	0x288	; 0x288 <I2C_writeReg>
     8cc:	8d 2f       	mov	r24, r29
     8ce:	9c 2f       	mov	r25, r28
     8d0:	02 c0       	rjmp	.+4      	; 0x8d6 <VL53L0X_readRangeSingleMillimeters+0x50>
     8d2:	8f ef       	ldi	r24, 0xFF	; 255
     8d4:	9f ef       	ldi	r25, 0xFF	; 255
     8d6:	df 91       	pop	r29
     8d8:	cf 91       	pop	r28
     8da:	08 95       	ret

000008dc <VL53L0X_getSpadInfo>:
     8dc:	0f 93       	push	r16
     8de:	1f 93       	push	r17
     8e0:	cf 93       	push	r28
     8e2:	df 93       	push	r29
     8e4:	8c 01       	movw	r16, r24
     8e6:	eb 01       	movw	r28, r22
     8e8:	41 e0       	ldi	r20, 0x01	; 1
     8ea:	60 e8       	ldi	r22, 0x80	; 128
     8ec:	89 e2       	ldi	r24, 0x29	; 41
     8ee:	0e 94 44 01 	call	0x288	; 0x288 <I2C_writeReg>
     8f2:	41 e0       	ldi	r20, 0x01	; 1
     8f4:	6f ef       	ldi	r22, 0xFF	; 255
     8f6:	89 e2       	ldi	r24, 0x29	; 41
     8f8:	0e 94 44 01 	call	0x288	; 0x288 <I2C_writeReg>
     8fc:	40 e0       	ldi	r20, 0x00	; 0
     8fe:	60 e0       	ldi	r22, 0x00	; 0
     900:	89 e2       	ldi	r24, 0x29	; 41
     902:	0e 94 44 01 	call	0x288	; 0x288 <I2C_writeReg>
     906:	46 e0       	ldi	r20, 0x06	; 6
     908:	6f ef       	ldi	r22, 0xFF	; 255
     90a:	89 e2       	ldi	r24, 0x29	; 41
     90c:	0e 94 44 01 	call	0x288	; 0x288 <I2C_writeReg>
     910:	63 e8       	ldi	r22, 0x83	; 131
     912:	89 e2       	ldi	r24, 0x29	; 41
     914:	0e 94 5f 01 	call	0x2be	; 0x2be <I2C_readReg>
     918:	48 2f       	mov	r20, r24
     91a:	44 60       	ori	r20, 0x04	; 4
     91c:	63 e8       	ldi	r22, 0x83	; 131
     91e:	89 e2       	ldi	r24, 0x29	; 41
     920:	0e 94 44 01 	call	0x288	; 0x288 <I2C_writeReg>
     924:	47 e0       	ldi	r20, 0x07	; 7
     926:	6f ef       	ldi	r22, 0xFF	; 255
     928:	89 e2       	ldi	r24, 0x29	; 41
     92a:	0e 94 44 01 	call	0x288	; 0x288 <I2C_writeReg>
     92e:	41 e0       	ldi	r20, 0x01	; 1
     930:	61 e8       	ldi	r22, 0x81	; 129
     932:	89 e2       	ldi	r24, 0x29	; 41
     934:	0e 94 44 01 	call	0x288	; 0x288 <I2C_writeReg>
     938:	41 e0       	ldi	r20, 0x01	; 1
     93a:	60 e8       	ldi	r22, 0x80	; 128
     93c:	89 e2       	ldi	r24, 0x29	; 41
     93e:	0e 94 44 01 	call	0x288	; 0x288 <I2C_writeReg>
     942:	4b e6       	ldi	r20, 0x6B	; 107
     944:	64 e9       	ldi	r22, 0x94	; 148
     946:	89 e2       	ldi	r24, 0x29	; 41
     948:	0e 94 44 01 	call	0x288	; 0x288 <I2C_writeReg>
     94c:	40 e0       	ldi	r20, 0x00	; 0
     94e:	63 e8       	ldi	r22, 0x83	; 131
     950:	89 e2       	ldi	r24, 0x29	; 41
     952:	0e 94 44 01 	call	0x288	; 0x288 <I2C_writeReg>
     956:	63 e8       	ldi	r22, 0x83	; 131
     958:	89 e2       	ldi	r24, 0x29	; 41
     95a:	0e 94 5f 01 	call	0x2be	; 0x2be <I2C_readReg>
     95e:	81 11       	cpse	r24, r1
     960:	04 c0       	rjmp	.+8      	; 0x96a <__stack+0x6b>
     962:	80 91 03 01 	lds	r24, 0x0103	; 0x800103 <I2C_err>
     966:	88 23       	and	r24, r24
     968:	b1 f3       	breq	.-20     	; 0x956 <__stack+0x57>
     96a:	41 e0       	ldi	r20, 0x01	; 1
     96c:	63 e8       	ldi	r22, 0x83	; 131
     96e:	89 e2       	ldi	r24, 0x29	; 41
     970:	0e 94 44 01 	call	0x288	; 0x288 <I2C_writeReg>
     974:	62 e9       	ldi	r22, 0x92	; 146
     976:	89 e2       	ldi	r24, 0x29	; 41
     978:	0e 94 5f 01 	call	0x2be	; 0x2be <I2C_readReg>
     97c:	98 2f       	mov	r25, r24
     97e:	9f 77       	andi	r25, 0x7F	; 127
     980:	f8 01       	movw	r30, r16
     982:	90 83       	st	Z, r25
     984:	88 1f       	adc	r24, r24
     986:	88 27       	eor	r24, r24
     988:	88 1f       	adc	r24, r24
     98a:	88 83       	st	Y, r24
     98c:	40 e0       	ldi	r20, 0x00	; 0
     98e:	61 e8       	ldi	r22, 0x81	; 129
     990:	89 e2       	ldi	r24, 0x29	; 41
     992:	0e 94 44 01 	call	0x288	; 0x288 <I2C_writeReg>
     996:	46 e0       	ldi	r20, 0x06	; 6
     998:	6f ef       	ldi	r22, 0xFF	; 255
     99a:	89 e2       	ldi	r24, 0x29	; 41
     99c:	0e 94 44 01 	call	0x288	; 0x288 <I2C_writeReg>
     9a0:	63 e8       	ldi	r22, 0x83	; 131
     9a2:	89 e2       	ldi	r24, 0x29	; 41
     9a4:	0e 94 5f 01 	call	0x2be	; 0x2be <I2C_readReg>
     9a8:	48 2f       	mov	r20, r24
     9aa:	4b 7f       	andi	r20, 0xFB	; 251
     9ac:	63 e8       	ldi	r22, 0x83	; 131
     9ae:	89 e2       	ldi	r24, 0x29	; 41
     9b0:	0e 94 44 01 	call	0x288	; 0x288 <I2C_writeReg>
     9b4:	41 e0       	ldi	r20, 0x01	; 1
     9b6:	6f ef       	ldi	r22, 0xFF	; 255
     9b8:	89 e2       	ldi	r24, 0x29	; 41
     9ba:	0e 94 44 01 	call	0x288	; 0x288 <I2C_writeReg>
     9be:	41 e0       	ldi	r20, 0x01	; 1
     9c0:	60 e0       	ldi	r22, 0x00	; 0
     9c2:	89 e2       	ldi	r24, 0x29	; 41
     9c4:	0e 94 44 01 	call	0x288	; 0x288 <I2C_writeReg>
     9c8:	40 e0       	ldi	r20, 0x00	; 0
     9ca:	6f ef       	ldi	r22, 0xFF	; 255
     9cc:	89 e2       	ldi	r24, 0x29	; 41
     9ce:	0e 94 44 01 	call	0x288	; 0x288 <I2C_writeReg>
     9d2:	40 e0       	ldi	r20, 0x00	; 0
     9d4:	60 e8       	ldi	r22, 0x80	; 128
     9d6:	89 e2       	ldi	r24, 0x29	; 41
     9d8:	0e 94 44 01 	call	0x288	; 0x288 <I2C_writeReg>
     9dc:	81 e0       	ldi	r24, 0x01	; 1
     9de:	df 91       	pop	r29
     9e0:	cf 91       	pop	r28
     9e2:	1f 91       	pop	r17
     9e4:	0f 91       	pop	r16
     9e6:	08 95       	ret

000009e8 <VL53L0X_getSequenceStepEnables>:
     9e8:	cf 93       	push	r28
     9ea:	df 93       	push	r29
     9ec:	ec 01       	movw	r28, r24
     9ee:	61 e0       	ldi	r22, 0x01	; 1
     9f0:	89 e2       	ldi	r24, 0x29	; 41
     9f2:	0e 94 5f 01 	call	0x2be	; 0x2be <I2C_readReg>
     9f6:	84 fb       	bst	r24, 4
     9f8:	99 27       	eor	r25, r25
     9fa:	90 f9       	bld	r25, 0
     9fc:	98 83       	st	Y, r25
     9fe:	83 fb       	bst	r24, 3
     a00:	99 27       	eor	r25, r25
     a02:	90 f9       	bld	r25, 0
     a04:	9a 83       	std	Y+2, r25	; 0x02
     a06:	82 fb       	bst	r24, 2
     a08:	99 27       	eor	r25, r25
     a0a:	90 f9       	bld	r25, 0
     a0c:	99 83       	std	Y+1, r25	; 0x01
     a0e:	86 fb       	bst	r24, 6
     a10:	99 27       	eor	r25, r25
     a12:	90 f9       	bld	r25, 0
     a14:	9b 83       	std	Y+3, r25	; 0x03
     a16:	88 1f       	adc	r24, r24
     a18:	88 27       	eor	r24, r24
     a1a:	88 1f       	adc	r24, r24
     a1c:	8c 83       	std	Y+4, r24	; 0x04
     a1e:	df 91       	pop	r29
     a20:	cf 91       	pop	r28
     a22:	08 95       	ret

00000a24 <VL53L0X_decodeTimeout>:
     a24:	9c 01       	movw	r18, r24
     a26:	33 27       	eor	r19, r19
     a28:	a9 01       	movw	r20, r18
     a2a:	02 c0       	rjmp	.+4      	; 0xa30 <VL53L0X_decodeTimeout+0xc>
     a2c:	44 0f       	add	r20, r20
     a2e:	55 1f       	adc	r21, r21
     a30:	9a 95       	dec	r25
     a32:	e2 f7       	brpl	.-8      	; 0xa2c <VL53L0X_decodeTimeout+0x8>
     a34:	ca 01       	movw	r24, r20
     a36:	01 96       	adiw	r24, 0x01	; 1
     a38:	08 95       	ret

00000a3a <VL53L0X_encodeTimeout>:
     a3a:	cf 92       	push	r12
     a3c:	df 92       	push	r13
     a3e:	ef 92       	push	r14
     a40:	ff 92       	push	r15
     a42:	61 15       	cp	r22, r1
     a44:	71 05       	cpc	r23, r1
     a46:	81 05       	cpc	r24, r1
     a48:	91 05       	cpc	r25, r1
     a4a:	d1 f0       	breq	.+52     	; 0xa80 <VL53L0X_encodeTimeout+0x46>
     a4c:	dc 01       	movw	r26, r24
     a4e:	cb 01       	movw	r24, r22
     a50:	01 97       	sbiw	r24, 0x01	; 1
     a52:	a1 09       	sbc	r26, r1
     a54:	b1 09       	sbc	r27, r1
     a56:	20 e0       	ldi	r18, 0x00	; 0
     a58:	30 e0       	ldi	r19, 0x00	; 0
     a5a:	6c 01       	movw	r12, r24
     a5c:	7d 01       	movw	r14, r26
     a5e:	cc 24       	eor	r12, r12
     a60:	cd 28       	or	r12, r13
     a62:	ce 28       	or	r12, r14
     a64:	cf 28       	or	r12, r15
     a66:	39 f0       	breq	.+14     	; 0xa76 <VL53L0X_encodeTimeout+0x3c>
     a68:	b6 95       	lsr	r27
     a6a:	a7 95       	ror	r26
     a6c:	97 95       	ror	r25
     a6e:	87 95       	ror	r24
     a70:	2f 5f       	subi	r18, 0xFF	; 255
     a72:	3f 4f       	sbci	r19, 0xFF	; 255
     a74:	f2 cf       	rjmp	.-28     	; 0xa5a <VL53L0X_encodeTimeout+0x20>
     a76:	32 2f       	mov	r19, r18
     a78:	22 27       	eor	r18, r18
     a7a:	82 2b       	or	r24, r18
     a7c:	93 2b       	or	r25, r19
     a7e:	02 c0       	rjmp	.+4      	; 0xa84 <VL53L0X_encodeTimeout+0x4a>
     a80:	80 e0       	ldi	r24, 0x00	; 0
     a82:	90 e0       	ldi	r25, 0x00	; 0
     a84:	ff 90       	pop	r15
     a86:	ef 90       	pop	r14
     a88:	df 90       	pop	r13
     a8a:	cf 90       	pop	r12
     a8c:	08 95       	ret

00000a8e <VL53L0X_timeoutMclksToMicroseconds>:
     a8e:	cf 92       	push	r12
     a90:	df 92       	push	r13
     a92:	ef 92       	push	r14
     a94:	ff 92       	push	r15
     a96:	cf 93       	push	r28
     a98:	df 93       	push	r29
     a9a:	ec 01       	movw	r28, r24
     a9c:	a6 2f       	mov	r26, r22
     a9e:	b0 e0       	ldi	r27, 0x00	; 0
     aa0:	20 e0       	ldi	r18, 0x00	; 0
     aa2:	3f e2       	ldi	r19, 0x2F	; 47
     aa4:	4a e3       	ldi	r20, 0x3A	; 58
     aa6:	50 e0       	ldi	r21, 0x00	; 0
     aa8:	0e 94 72 0b 	call	0x16e4	; 0x16e4 <__muluhisi3>
     aac:	6c 50       	subi	r22, 0x0C	; 12
     aae:	7e 4f       	sbci	r23, 0xFE	; 254
     ab0:	8f 4f       	sbci	r24, 0xFF	; 255
     ab2:	9f 4f       	sbci	r25, 0xFF	; 255
     ab4:	28 ee       	ldi	r18, 0xE8	; 232
     ab6:	c2 2e       	mov	r12, r18
     ab8:	23 e0       	ldi	r18, 0x03	; 3
     aba:	d2 2e       	mov	r13, r18
     abc:	e1 2c       	mov	r14, r1
     abe:	f1 2c       	mov	r15, r1
     ac0:	a7 01       	movw	r20, r14
     ac2:	96 01       	movw	r18, r12
     ac4:	0e 94 4a 0b 	call	0x1694	; 0x1694 <__udivmodsi4>
     ac8:	de 01       	movw	r26, r28
     aca:	0e 94 72 0b 	call	0x16e4	; 0x16e4 <__muluhisi3>
     ace:	6c 50       	subi	r22, 0x0C	; 12
     ad0:	7e 4f       	sbci	r23, 0xFE	; 254
     ad2:	8f 4f       	sbci	r24, 0xFF	; 255
     ad4:	9f 4f       	sbci	r25, 0xFF	; 255
     ad6:	a7 01       	movw	r20, r14
     ad8:	96 01       	movw	r18, r12
     ada:	0e 94 4a 0b 	call	0x1694	; 0x1694 <__udivmodsi4>
     ade:	ca 01       	movw	r24, r20
     ae0:	b9 01       	movw	r22, r18
     ae2:	df 91       	pop	r29
     ae4:	cf 91       	pop	r28
     ae6:	ff 90       	pop	r15
     ae8:	ef 90       	pop	r14
     aea:	df 90       	pop	r13
     aec:	cf 90       	pop	r12
     aee:	08 95       	ret

00000af0 <VL53L0X_getSequenceStepTimeouts>:
     af0:	0f 93       	push	r16
     af2:	1f 93       	push	r17
     af4:	cf 93       	push	r28
     af6:	df 93       	push	r29
     af8:	8c 01       	movw	r16, r24
     afa:	eb 01       	movw	r28, r22
     afc:	80 e0       	ldi	r24, 0x00	; 0
     afe:	0e 94 06 04 	call	0x80c	; 0x80c <VL53L0X_getVcselPulsePeriod>
     b02:	90 e0       	ldi	r25, 0x00	; 0
     b04:	99 83       	std	Y+1, r25	; 0x01
     b06:	88 83       	st	Y, r24
     b08:	66 e4       	ldi	r22, 0x46	; 70
     b0a:	89 e2       	ldi	r24, 0x29	; 41
     b0c:	0e 94 5f 01 	call	0x2be	; 0x2be <I2C_readReg>
     b10:	90 e0       	ldi	r25, 0x00	; 0
     b12:	01 96       	adiw	r24, 0x01	; 1
     b14:	9d 83       	std	Y+5, r25	; 0x05
     b16:	8c 83       	std	Y+4, r24	; 0x04
     b18:	68 81       	ld	r22, Y
     b1a:	0e 94 47 05 	call	0xa8e	; 0xa8e <VL53L0X_timeoutMclksToMicroseconds>
     b1e:	6a 87       	std	Y+10, r22	; 0x0a
     b20:	7b 87       	std	Y+11, r23	; 0x0b
     b22:	8c 87       	std	Y+12, r24	; 0x0c
     b24:	9d 87       	std	Y+13, r25	; 0x0d
     b26:	61 e5       	ldi	r22, 0x51	; 81
     b28:	89 e2       	ldi	r24, 0x29	; 41
     b2a:	0e 94 9c 01 	call	0x338	; 0x338 <I2C_readReg16>
     b2e:	0e 94 12 05 	call	0xa24	; 0xa24 <VL53L0X_decodeTimeout>
     b32:	9f 83       	std	Y+7, r25	; 0x07
     b34:	8e 83       	std	Y+6, r24	; 0x06
     b36:	68 81       	ld	r22, Y
     b38:	0e 94 47 05 	call	0xa8e	; 0xa8e <VL53L0X_timeoutMclksToMicroseconds>
     b3c:	6e 87       	std	Y+14, r22	; 0x0e
     b3e:	7f 87       	std	Y+15, r23	; 0x0f
     b40:	88 8b       	std	Y+16, r24	; 0x10
     b42:	99 8b       	std	Y+17, r25	; 0x11
     b44:	60 e7       	ldi	r22, 0x70	; 112
     b46:	89 e2       	ldi	r24, 0x29	; 41
     b48:	0e 94 5f 01 	call	0x2be	; 0x2be <I2C_readReg>
     b4c:	8f 5f       	subi	r24, 0xFF	; 255
     b4e:	88 0f       	add	r24, r24
     b50:	90 e0       	ldi	r25, 0x00	; 0
     b52:	9b 83       	std	Y+3, r25	; 0x03
     b54:	8a 83       	std	Y+2, r24	; 0x02
     b56:	61 e7       	ldi	r22, 0x71	; 113
     b58:	89 e2       	ldi	r24, 0x29	; 41
     b5a:	0e 94 9c 01 	call	0x338	; 0x338 <I2C_readReg16>
     b5e:	0e 94 12 05 	call	0xa24	; 0xa24 <VL53L0X_decodeTimeout>
     b62:	99 87       	std	Y+9, r25	; 0x09
     b64:	88 87       	std	Y+8, r24	; 0x08
     b66:	f8 01       	movw	r30, r16
     b68:	23 81       	ldd	r18, Z+3	; 0x03
     b6a:	22 23       	and	r18, r18
     b6c:	31 f0       	breq	.+12     	; 0xb7a <VL53L0X_getSequenceStepTimeouts+0x8a>
     b6e:	2e 81       	ldd	r18, Y+6	; 0x06
     b70:	3f 81       	ldd	r19, Y+7	; 0x07
     b72:	82 1b       	sub	r24, r18
     b74:	93 0b       	sbc	r25, r19
     b76:	99 87       	std	Y+9, r25	; 0x09
     b78:	88 87       	std	Y+8, r24	; 0x08
     b7a:	6a 81       	ldd	r22, Y+2	; 0x02
     b7c:	88 85       	ldd	r24, Y+8	; 0x08
     b7e:	99 85       	ldd	r25, Y+9	; 0x09
     b80:	0e 94 47 05 	call	0xa8e	; 0xa8e <VL53L0X_timeoutMclksToMicroseconds>
     b84:	6a 8b       	std	Y+18, r22	; 0x12
     b86:	7b 8b       	std	Y+19, r23	; 0x13
     b88:	8c 8b       	std	Y+20, r24	; 0x14
     b8a:	9d 8b       	std	Y+21, r25	; 0x15
     b8c:	df 91       	pop	r29
     b8e:	cf 91       	pop	r28
     b90:	1f 91       	pop	r17
     b92:	0f 91       	pop	r16
     b94:	08 95       	ret

00000b96 <VL53L0X_getMeasurementTimingBudget>:
     b96:	0f 93       	push	r16
     b98:	1f 93       	push	r17
     b9a:	cf 93       	push	r28
     b9c:	df 93       	push	r29
     b9e:	cd b7       	in	r28, 0x3d	; 61
     ba0:	de b7       	in	r29, 0x3e	; 62
     ba2:	6b 97       	sbiw	r28, 0x1b	; 27
     ba4:	0f b6       	in	r0, 0x3f	; 63
     ba6:	f8 94       	cli
     ba8:	de bf       	out	0x3e, r29	; 62
     baa:	0f be       	out	0x3f, r0	; 63
     bac:	cd bf       	out	0x3d, r28	; 61
     bae:	ce 01       	movw	r24, r28
     bb0:	47 96       	adiw	r24, 0x17	; 23
     bb2:	0e 94 f4 04 	call	0x9e8	; 0x9e8 <VL53L0X_getSequenceStepEnables>
     bb6:	be 01       	movw	r22, r28
     bb8:	6f 5f       	subi	r22, 0xFF	; 255
     bba:	7f 4f       	sbci	r23, 0xFF	; 255
     bbc:	ce 01       	movw	r24, r28
     bbe:	47 96       	adiw	r24, 0x17	; 23
     bc0:	0e 94 78 05 	call	0xaf0	; 0xaf0 <VL53L0X_getSequenceStepTimeouts>
     bc4:	8f 89       	ldd	r24, Y+23	; 0x17
     bc6:	88 23       	and	r24, r24
     bc8:	59 f0       	breq	.+22     	; 0xbe0 <VL53L0X_getMeasurementTimingBudget+0x4a>
     bca:	8b 85       	ldd	r24, Y+11	; 0x0b
     bcc:	9c 85       	ldd	r25, Y+12	; 0x0c
     bce:	ad 85       	ldd	r26, Y+13	; 0x0d
     bd0:	be 85       	ldd	r27, Y+14	; 0x0e
     bd2:	bc 01       	movw	r22, r24
     bd4:	cd 01       	movw	r24, r26
     bd6:	6c 57       	subi	r22, 0x7C	; 124
     bd8:	72 4f       	sbci	r23, 0xF2	; 242
     bda:	8f 4f       	sbci	r24, 0xFF	; 255
     bdc:	9f 4f       	sbci	r25, 0xFF	; 255
     bde:	04 c0       	rjmp	.+8      	; 0xbe8 <VL53L0X_getMeasurementTimingBudget+0x52>
     be0:	66 e3       	ldi	r22, 0x36	; 54
     be2:	7b e0       	ldi	r23, 0x0B	; 11
     be4:	80 e0       	ldi	r24, 0x00	; 0
     be6:	90 e0       	ldi	r25, 0x00	; 0
     be8:	29 8d       	ldd	r18, Y+25	; 0x19
     bea:	22 23       	and	r18, r18
     bec:	69 f0       	breq	.+26     	; 0xc08 <VL53L0X_getMeasurementTimingBudget+0x72>
     bee:	0b 85       	ldd	r16, Y+11	; 0x0b
     bf0:	1c 85       	ldd	r17, Y+12	; 0x0c
     bf2:	2d 85       	ldd	r18, Y+13	; 0x0d
     bf4:	3e 85       	ldd	r19, Y+14	; 0x0e
     bf6:	0e 54       	subi	r16, 0x4E	; 78
     bf8:	1d 4f       	sbci	r17, 0xFD	; 253
     bfa:	2f 4f       	sbci	r18, 0xFF	; 255
     bfc:	3f 4f       	sbci	r19, 0xFF	; 255
     bfe:	00 0f       	add	r16, r16
     c00:	11 1f       	adc	r17, r17
     c02:	22 1f       	adc	r18, r18
     c04:	33 1f       	adc	r19, r19
     c06:	0b c0       	rjmp	.+22     	; 0xc1e <VL53L0X_getMeasurementTimingBudget+0x88>
     c08:	28 8d       	ldd	r18, Y+24	; 0x18
     c0a:	22 23       	and	r18, r18
     c0c:	61 f0       	breq	.+24     	; 0xc26 <VL53L0X_getMeasurementTimingBudget+0x90>
     c0e:	0b 85       	ldd	r16, Y+11	; 0x0b
     c10:	1c 85       	ldd	r17, Y+12	; 0x0c
     c12:	2d 85       	ldd	r18, Y+13	; 0x0d
     c14:	3e 85       	ldd	r19, Y+14	; 0x0e
     c16:	0c 56       	subi	r16, 0x6C	; 108
     c18:	1d 4f       	sbci	r17, 0xFD	; 253
     c1a:	2f 4f       	sbci	r18, 0xFF	; 255
     c1c:	3f 4f       	sbci	r19, 0xFF	; 255
     c1e:	60 0f       	add	r22, r16
     c20:	71 1f       	adc	r23, r17
     c22:	82 1f       	adc	r24, r18
     c24:	93 1f       	adc	r25, r19
     c26:	2a 8d       	ldd	r18, Y+26	; 0x1a
     c28:	22 23       	and	r18, r18
     c2a:	61 f0       	breq	.+24     	; 0xc44 <VL53L0X_getMeasurementTimingBudget+0xae>
     c2c:	0f 85       	ldd	r16, Y+15	; 0x0f
     c2e:	18 89       	ldd	r17, Y+16	; 0x10
     c30:	29 89       	ldd	r18, Y+17	; 0x11
     c32:	3a 89       	ldd	r19, Y+18	; 0x12
     c34:	0c 56       	subi	r16, 0x6C	; 108
     c36:	1d 4f       	sbci	r17, 0xFD	; 253
     c38:	2f 4f       	sbci	r18, 0xFF	; 255
     c3a:	3f 4f       	sbci	r19, 0xFF	; 255
     c3c:	60 0f       	add	r22, r16
     c3e:	71 1f       	adc	r23, r17
     c40:	82 1f       	adc	r24, r18
     c42:	93 1f       	adc	r25, r19
     c44:	2b 8d       	ldd	r18, Y+27	; 0x1b
     c46:	22 23       	and	r18, r18
     c48:	61 f0       	breq	.+24     	; 0xc62 <VL53L0X_getMeasurementTimingBudget+0xcc>
     c4a:	0b 89       	ldd	r16, Y+19	; 0x13
     c4c:	1c 89       	ldd	r17, Y+20	; 0x14
     c4e:	2d 89       	ldd	r18, Y+21	; 0x15
     c50:	3e 89       	ldd	r19, Y+22	; 0x16
     c52:	0a 5d       	subi	r16, 0xDA	; 218
     c54:	1d 4f       	sbci	r17, 0xFD	; 253
     c56:	2f 4f       	sbci	r18, 0xFF	; 255
     c58:	3f 4f       	sbci	r19, 0xFF	; 255
     c5a:	60 0f       	add	r22, r16
     c5c:	71 1f       	adc	r23, r17
     c5e:	82 1f       	adc	r24, r18
     c60:	93 1f       	adc	r25, r19
     c62:	60 93 05 01 	sts	0x0105, r22	; 0x800105 <VL53L0X_measurement_timing_budget_us>
     c66:	70 93 06 01 	sts	0x0106, r23	; 0x800106 <VL53L0X_measurement_timing_budget_us+0x1>
     c6a:	80 93 07 01 	sts	0x0107, r24	; 0x800107 <VL53L0X_measurement_timing_budget_us+0x2>
     c6e:	90 93 08 01 	sts	0x0108, r25	; 0x800108 <VL53L0X_measurement_timing_budget_us+0x3>
     c72:	6b 96       	adiw	r28, 0x1b	; 27
     c74:	0f b6       	in	r0, 0x3f	; 63
     c76:	f8 94       	cli
     c78:	de bf       	out	0x3e, r29	; 62
     c7a:	0f be       	out	0x3f, r0	; 63
     c7c:	cd bf       	out	0x3d, r28	; 61
     c7e:	df 91       	pop	r29
     c80:	cf 91       	pop	r28
     c82:	1f 91       	pop	r17
     c84:	0f 91       	pop	r16
     c86:	08 95       	ret

00000c88 <VL53L0X_timeoutMicrosecondsToMclks>:
     c88:	8f 92       	push	r8
     c8a:	9f 92       	push	r9
     c8c:	af 92       	push	r10
     c8e:	bf 92       	push	r11
     c90:	cf 92       	push	r12
     c92:	df 92       	push	r13
     c94:	ef 92       	push	r14
     c96:	ff 92       	push	r15
     c98:	4b 01       	movw	r8, r22
     c9a:	5c 01       	movw	r10, r24
     c9c:	a4 2f       	mov	r26, r20
     c9e:	b0 e0       	ldi	r27, 0x00	; 0
     ca0:	20 e0       	ldi	r18, 0x00	; 0
     ca2:	3f e2       	ldi	r19, 0x2F	; 47
     ca4:	4a e3       	ldi	r20, 0x3A	; 58
     ca6:	50 e0       	ldi	r21, 0x00	; 0
     ca8:	0e 94 72 0b 	call	0x16e4	; 0x16e4 <__muluhisi3>
     cac:	6b 01       	movw	r12, r22
     cae:	7c 01       	movw	r14, r24
     cb0:	24 ef       	ldi	r18, 0xF4	; 244
     cb2:	c2 0e       	add	r12, r18
     cb4:	21 e0       	ldi	r18, 0x01	; 1
     cb6:	d2 1e       	adc	r13, r18
     cb8:	e1 1c       	adc	r14, r1
     cba:	f1 1c       	adc	r15, r1
     cbc:	a8 ee       	ldi	r26, 0xE8	; 232
     cbe:	b3 e0       	ldi	r27, 0x03	; 3
     cc0:	a5 01       	movw	r20, r10
     cc2:	94 01       	movw	r18, r8
     cc4:	0e 94 72 0b 	call	0x16e4	; 0x16e4 <__muluhisi3>
     cc8:	4b 01       	movw	r8, r22
     cca:	5c 01       	movw	r10, r24
     ccc:	c7 01       	movw	r24, r14
     cce:	b6 01       	movw	r22, r12
     cd0:	20 ed       	ldi	r18, 0xD0	; 208
     cd2:	37 e0       	ldi	r19, 0x07	; 7
     cd4:	40 e0       	ldi	r20, 0x00	; 0
     cd6:	50 e0       	ldi	r21, 0x00	; 0
     cd8:	0e 94 4a 0b 	call	0x1694	; 0x1694 <__udivmodsi4>
     cdc:	82 0e       	add	r8, r18
     cde:	93 1e       	adc	r9, r19
     ce0:	a4 1e       	adc	r10, r20
     ce2:	b5 1e       	adc	r11, r21
     ce4:	c7 01       	movw	r24, r14
     ce6:	b6 01       	movw	r22, r12
     ce8:	28 ee       	ldi	r18, 0xE8	; 232
     cea:	33 e0       	ldi	r19, 0x03	; 3
     cec:	40 e0       	ldi	r20, 0x00	; 0
     cee:	50 e0       	ldi	r21, 0x00	; 0
     cf0:	0e 94 4a 0b 	call	0x1694	; 0x1694 <__udivmodsi4>
     cf4:	c5 01       	movw	r24, r10
     cf6:	b4 01       	movw	r22, r8
     cf8:	0e 94 4a 0b 	call	0x1694	; 0x1694 <__udivmodsi4>
     cfc:	ca 01       	movw	r24, r20
     cfe:	b9 01       	movw	r22, r18
     d00:	ff 90       	pop	r15
     d02:	ef 90       	pop	r14
     d04:	df 90       	pop	r13
     d06:	cf 90       	pop	r12
     d08:	bf 90       	pop	r11
     d0a:	af 90       	pop	r10
     d0c:	9f 90       	pop	r9
     d0e:	8f 90       	pop	r8
     d10:	08 95       	ret

00000d12 <VL53L0X_setMeasurementTimingBudget>:
     d12:	cf 92       	push	r12
     d14:	df 92       	push	r13
     d16:	ef 92       	push	r14
     d18:	ff 92       	push	r15
     d1a:	1f 93       	push	r17
     d1c:	cf 93       	push	r28
     d1e:	df 93       	push	r29
     d20:	cd b7       	in	r28, 0x3d	; 61
     d22:	de b7       	in	r29, 0x3e	; 62
     d24:	6b 97       	sbiw	r28, 0x1b	; 27
     d26:	0f b6       	in	r0, 0x3f	; 63
     d28:	f8 94       	cli
     d2a:	de bf       	out	0x3e, r29	; 62
     d2c:	0f be       	out	0x3f, r0	; 63
     d2e:	cd bf       	out	0x3d, r28	; 61
     d30:	6b 01       	movw	r12, r22
     d32:	7c 01       	movw	r14, r24
     d34:	ce 01       	movw	r24, r28
     d36:	47 96       	adiw	r24, 0x17	; 23
     d38:	0e 94 f4 04 	call	0x9e8	; 0x9e8 <VL53L0X_getSequenceStepEnables>
     d3c:	be 01       	movw	r22, r28
     d3e:	6f 5f       	subi	r22, 0xFF	; 255
     d40:	7f 4f       	sbci	r23, 0xFF	; 255
     d42:	ce 01       	movw	r24, r28
     d44:	47 96       	adiw	r24, 0x17	; 23
     d46:	0e 94 78 05 	call	0xaf0	; 0xaf0 <VL53L0X_getSequenceStepTimeouts>
     d4a:	8f 89       	ldd	r24, Y+23	; 0x17
     d4c:	88 23       	and	r24, r24
     d4e:	49 f0       	breq	.+18     	; 0xd62 <VL53L0X_setMeasurementTimingBudget+0x50>
     d50:	8b 85       	ldd	r24, Y+11	; 0x0b
     d52:	9c 85       	ldd	r25, Y+12	; 0x0c
     d54:	ad 85       	ldd	r26, Y+13	; 0x0d
     d56:	be 85       	ldd	r27, Y+14	; 0x0e
     d58:	8c 57       	subi	r24, 0x7C	; 124
     d5a:	92 4f       	sbci	r25, 0xF2	; 242
     d5c:	af 4f       	sbci	r26, 0xFF	; 255
     d5e:	bf 4f       	sbci	r27, 0xFF	; 255
     d60:	04 c0       	rjmp	.+8      	; 0xd6a <VL53L0X_setMeasurementTimingBudget+0x58>
     d62:	86 e3       	ldi	r24, 0x36	; 54
     d64:	9b e0       	ldi	r25, 0x0B	; 11
     d66:	a0 e0       	ldi	r26, 0x00	; 0
     d68:	b0 e0       	ldi	r27, 0x00	; 0
     d6a:	29 8d       	ldd	r18, Y+25	; 0x19
     d6c:	22 23       	and	r18, r18
     d6e:	69 f0       	breq	.+26     	; 0xd8a <VL53L0X_setMeasurementTimingBudget+0x78>
     d70:	4b 85       	ldd	r20, Y+11	; 0x0b
     d72:	5c 85       	ldd	r21, Y+12	; 0x0c
     d74:	6d 85       	ldd	r22, Y+13	; 0x0d
     d76:	7e 85       	ldd	r23, Y+14	; 0x0e
     d78:	4e 54       	subi	r20, 0x4E	; 78
     d7a:	5d 4f       	sbci	r21, 0xFD	; 253
     d7c:	6f 4f       	sbci	r22, 0xFF	; 255
     d7e:	7f 4f       	sbci	r23, 0xFF	; 255
     d80:	44 0f       	add	r20, r20
     d82:	55 1f       	adc	r21, r21
     d84:	66 1f       	adc	r22, r22
     d86:	77 1f       	adc	r23, r23
     d88:	0b c0       	rjmp	.+22     	; 0xda0 <VL53L0X_setMeasurementTimingBudget+0x8e>
     d8a:	28 8d       	ldd	r18, Y+24	; 0x18
     d8c:	22 23       	and	r18, r18
     d8e:	61 f0       	breq	.+24     	; 0xda8 <VL53L0X_setMeasurementTimingBudget+0x96>
     d90:	4b 85       	ldd	r20, Y+11	; 0x0b
     d92:	5c 85       	ldd	r21, Y+12	; 0x0c
     d94:	6d 85       	ldd	r22, Y+13	; 0x0d
     d96:	7e 85       	ldd	r23, Y+14	; 0x0e
     d98:	4c 56       	subi	r20, 0x6C	; 108
     d9a:	5d 4f       	sbci	r21, 0xFD	; 253
     d9c:	6f 4f       	sbci	r22, 0xFF	; 255
     d9e:	7f 4f       	sbci	r23, 0xFF	; 255
     da0:	84 0f       	add	r24, r20
     da2:	95 1f       	adc	r25, r21
     da4:	a6 1f       	adc	r26, r22
     da6:	b7 1f       	adc	r27, r23
     da8:	1a 8d       	ldd	r17, Y+26	; 0x1a
     daa:	11 23       	and	r17, r17
     dac:	61 f0       	breq	.+24     	; 0xdc6 <VL53L0X_setMeasurementTimingBudget+0xb4>
     dae:	4f 85       	ldd	r20, Y+15	; 0x0f
     db0:	58 89       	ldd	r21, Y+16	; 0x10
     db2:	69 89       	ldd	r22, Y+17	; 0x11
     db4:	7a 89       	ldd	r23, Y+18	; 0x12
     db6:	4c 56       	subi	r20, 0x6C	; 108
     db8:	5d 4f       	sbci	r21, 0xFD	; 253
     dba:	6f 4f       	sbci	r22, 0xFF	; 255
     dbc:	7f 4f       	sbci	r23, 0xFF	; 255
     dbe:	84 0f       	add	r24, r20
     dc0:	95 1f       	adc	r25, r21
     dc2:	a6 1f       	adc	r26, r22
     dc4:	b7 1f       	adc	r27, r23
     dc6:	2b 8d       	ldd	r18, Y+27	; 0x1b
     dc8:	22 23       	and	r18, r18
     dca:	59 f1       	breq	.+86     	; 0xe22 <VL53L0X_setMeasurementTimingBudget+0x110>
     dcc:	8a 5d       	subi	r24, 0xDA	; 218
     dce:	9d 4f       	sbci	r25, 0xFD	; 253
     dd0:	af 4f       	sbci	r26, 0xFF	; 255
     dd2:	bf 4f       	sbci	r27, 0xFF	; 255
     dd4:	c8 16       	cp	r12, r24
     dd6:	d9 06       	cpc	r13, r25
     dd8:	ea 06       	cpc	r14, r26
     dda:	fb 06       	cpc	r15, r27
     ddc:	20 f1       	brcs	.+72     	; 0xe26 <VL53L0X_setMeasurementTimingBudget+0x114>
     dde:	a7 01       	movw	r20, r14
     de0:	96 01       	movw	r18, r12
     de2:	28 1b       	sub	r18, r24
     de4:	39 0b       	sbc	r19, r25
     de6:	4a 0b       	sbc	r20, r26
     de8:	5b 0b       	sbc	r21, r27
     dea:	ca 01       	movw	r24, r20
     dec:	b9 01       	movw	r22, r18
     dee:	4b 81       	ldd	r20, Y+3	; 0x03
     df0:	0e 94 44 06 	call	0xc88	; 0xc88 <VL53L0X_timeoutMicrosecondsToMclks>
     df4:	11 23       	and	r17, r17
     df6:	31 f0       	breq	.+12     	; 0xe04 <VL53L0X_setMeasurementTimingBudget+0xf2>
     df8:	2f 81       	ldd	r18, Y+7	; 0x07
     dfa:	38 85       	ldd	r19, Y+8	; 0x08
     dfc:	62 0f       	add	r22, r18
     dfe:	73 1f       	adc	r23, r19
     e00:	81 1d       	adc	r24, r1
     e02:	91 1d       	adc	r25, r1
     e04:	0e 94 1d 05 	call	0xa3a	; 0xa3a <VL53L0X_encodeTimeout>
     e08:	ac 01       	movw	r20, r24
     e0a:	61 e7       	ldi	r22, 0x71	; 113
     e0c:	89 e2       	ldi	r24, 0x29	; 41
     e0e:	0e 94 7c 01 	call	0x2f8	; 0x2f8 <I2C_writeReg16>
     e12:	c0 92 05 01 	sts	0x0105, r12	; 0x800105 <VL53L0X_measurement_timing_budget_us>
     e16:	d0 92 06 01 	sts	0x0106, r13	; 0x800106 <VL53L0X_measurement_timing_budget_us+0x1>
     e1a:	e0 92 07 01 	sts	0x0107, r14	; 0x800107 <VL53L0X_measurement_timing_budget_us+0x2>
     e1e:	f0 92 08 01 	sts	0x0108, r15	; 0x800108 <VL53L0X_measurement_timing_budget_us+0x3>
     e22:	81 e0       	ldi	r24, 0x01	; 1
     e24:	01 c0       	rjmp	.+2      	; 0xe28 <VL53L0X_setMeasurementTimingBudget+0x116>
     e26:	80 e0       	ldi	r24, 0x00	; 0
     e28:	6b 96       	adiw	r28, 0x1b	; 27
     e2a:	0f b6       	in	r0, 0x3f	; 63
     e2c:	f8 94       	cli
     e2e:	de bf       	out	0x3e, r29	; 62
     e30:	0f be       	out	0x3f, r0	; 63
     e32:	cd bf       	out	0x3d, r28	; 61
     e34:	df 91       	pop	r29
     e36:	cf 91       	pop	r28
     e38:	1f 91       	pop	r17
     e3a:	ff 90       	pop	r15
     e3c:	ef 90       	pop	r14
     e3e:	df 90       	pop	r13
     e40:	cf 90       	pop	r12
     e42:	08 95       	ret

00000e44 <VL53L0X_performSingleRefCalibration>:
     e44:	48 2f       	mov	r20, r24
     e46:	41 60       	ori	r20, 0x01	; 1
     e48:	60 e0       	ldi	r22, 0x00	; 0
     e4a:	89 e2       	ldi	r24, 0x29	; 41
     e4c:	0e 94 44 01 	call	0x288	; 0x288 <I2C_writeReg>
     e50:	63 e1       	ldi	r22, 0x13	; 19
     e52:	89 e2       	ldi	r24, 0x29	; 41
     e54:	0e 94 5f 01 	call	0x2be	; 0x2be <I2C_readReg>
     e58:	87 70       	andi	r24, 0x07	; 7
     e5a:	21 f4       	brne	.+8      	; 0xe64 <VL53L0X_performSingleRefCalibration+0x20>
     e5c:	80 91 03 01 	lds	r24, 0x0103	; 0x800103 <I2C_err>
     e60:	88 23       	and	r24, r24
     e62:	b1 f3       	breq	.-20     	; 0xe50 <VL53L0X_performSingleRefCalibration+0xc>
     e64:	41 e0       	ldi	r20, 0x01	; 1
     e66:	6b e0       	ldi	r22, 0x0B	; 11
     e68:	89 e2       	ldi	r24, 0x29	; 41
     e6a:	0e 94 44 01 	call	0x288	; 0x288 <I2C_writeReg>
     e6e:	40 e0       	ldi	r20, 0x00	; 0
     e70:	60 e0       	ldi	r22, 0x00	; 0
     e72:	89 e2       	ldi	r24, 0x29	; 41
     e74:	0e 94 44 01 	call	0x288	; 0x288 <I2C_writeReg>
     e78:	81 e0       	ldi	r24, 0x01	; 1
     e7a:	08 95       	ret

00000e7c <VL53L0X_init>:
     e7c:	cf 93       	push	r28
     e7e:	df 93       	push	r29
     e80:	cd b7       	in	r28, 0x3d	; 61
     e82:	de b7       	in	r29, 0x3e	; 62
     e84:	28 97       	sbiw	r28, 0x08	; 8
     e86:	0f b6       	in	r0, 0x3f	; 63
     e88:	f8 94       	cli
     e8a:	de bf       	out	0x3e, r29	; 62
     e8c:	0f be       	out	0x3f, r0	; 63
     e8e:	cd bf       	out	0x3d, r28	; 61
     e90:	88 23       	and	r24, r24
     e92:	51 f0       	breq	.+20     	; 0xea8 <VL53L0X_init+0x2c>
     e94:	69 e8       	ldi	r22, 0x89	; 137
     e96:	89 e2       	ldi	r24, 0x29	; 41
     e98:	0e 94 5f 01 	call	0x2be	; 0x2be <I2C_readReg>
     e9c:	48 2f       	mov	r20, r24
     e9e:	41 60       	ori	r20, 0x01	; 1
     ea0:	69 e8       	ldi	r22, 0x89	; 137
     ea2:	89 e2       	ldi	r24, 0x29	; 41
     ea4:	0e 94 44 01 	call	0x288	; 0x288 <I2C_writeReg>
     ea8:	40 e0       	ldi	r20, 0x00	; 0
     eaa:	68 e8       	ldi	r22, 0x88	; 136
     eac:	89 e2       	ldi	r24, 0x29	; 41
     eae:	0e 94 44 01 	call	0x288	; 0x288 <I2C_writeReg>
     eb2:	80 91 03 01 	lds	r24, 0x0103	; 0x800103 <I2C_err>
     eb6:	88 23       	and	r24, r24
     eb8:	11 f0       	breq	.+4      	; 0xebe <VL53L0X_init+0x42>
     eba:	80 e0       	ldi	r24, 0x00	; 0
     ebc:	76 c2       	rjmp	.+1260   	; 0x13aa <VL53L0X_init+0x52e>
     ebe:	41 e0       	ldi	r20, 0x01	; 1
     ec0:	60 e8       	ldi	r22, 0x80	; 128
     ec2:	89 e2       	ldi	r24, 0x29	; 41
     ec4:	0e 94 44 01 	call	0x288	; 0x288 <I2C_writeReg>
     ec8:	41 e0       	ldi	r20, 0x01	; 1
     eca:	6f ef       	ldi	r22, 0xFF	; 255
     ecc:	89 e2       	ldi	r24, 0x29	; 41
     ece:	0e 94 44 01 	call	0x288	; 0x288 <I2C_writeReg>
     ed2:	40 e0       	ldi	r20, 0x00	; 0
     ed4:	60 e0       	ldi	r22, 0x00	; 0
     ed6:	89 e2       	ldi	r24, 0x29	; 41
     ed8:	0e 94 44 01 	call	0x288	; 0x288 <I2C_writeReg>
     edc:	61 e9       	ldi	r22, 0x91	; 145
     ede:	89 e2       	ldi	r24, 0x29	; 41
     ee0:	0e 94 5f 01 	call	0x2be	; 0x2be <I2C_readReg>
     ee4:	80 93 09 01 	sts	0x0109, r24	; 0x800109 <VL53L0X_stop_variable>
     ee8:	41 e0       	ldi	r20, 0x01	; 1
     eea:	60 e0       	ldi	r22, 0x00	; 0
     eec:	89 e2       	ldi	r24, 0x29	; 41
     eee:	0e 94 44 01 	call	0x288	; 0x288 <I2C_writeReg>
     ef2:	40 e0       	ldi	r20, 0x00	; 0
     ef4:	6f ef       	ldi	r22, 0xFF	; 255
     ef6:	89 e2       	ldi	r24, 0x29	; 41
     ef8:	0e 94 44 01 	call	0x288	; 0x288 <I2C_writeReg>
     efc:	40 e0       	ldi	r20, 0x00	; 0
     efe:	60 e8       	ldi	r22, 0x80	; 128
     f00:	89 e2       	ldi	r24, 0x29	; 41
     f02:	0e 94 44 01 	call	0x288	; 0x288 <I2C_writeReg>
     f06:	60 e6       	ldi	r22, 0x60	; 96
     f08:	89 e2       	ldi	r24, 0x29	; 41
     f0a:	0e 94 5f 01 	call	0x2be	; 0x2be <I2C_readReg>
     f0e:	48 2f       	mov	r20, r24
     f10:	42 61       	ori	r20, 0x12	; 18
     f12:	60 e6       	ldi	r22, 0x60	; 96
     f14:	89 e2       	ldi	r24, 0x29	; 41
     f16:	0e 94 44 01 	call	0x288	; 0x288 <I2C_writeReg>
     f1a:	60 e0       	ldi	r22, 0x00	; 0
     f1c:	70 e0       	ldi	r23, 0x00	; 0
     f1e:	80 e8       	ldi	r24, 0x80	; 128
     f20:	9e e3       	ldi	r25, 0x3E	; 62
     f22:	0e 94 d8 03 	call	0x7b0	; 0x7b0 <VL53L0X_setSignalRateLimit>
     f26:	4f ef       	ldi	r20, 0xFF	; 255
     f28:	61 e0       	ldi	r22, 0x01	; 1
     f2a:	89 e2       	ldi	r24, 0x29	; 41
     f2c:	0e 94 44 01 	call	0x288	; 0x288 <I2C_writeReg>
     f30:	be 01       	movw	r22, r28
     f32:	69 5f       	subi	r22, 0xF9	; 249
     f34:	7f 4f       	sbci	r23, 0xFF	; 255
     f36:	ce 01       	movw	r24, r28
     f38:	08 96       	adiw	r24, 0x08	; 8
     f3a:	0e 94 6e 04 	call	0x8dc	; 0x8dc <VL53L0X_getSpadInfo>
     f3e:	88 23       	and	r24, r24
     f40:	09 f4       	brne	.+2      	; 0xf44 <VL53L0X_init+0xc8>
     f42:	bb cf       	rjmp	.-138    	; 0xeba <VL53L0X_init+0x3e>
     f44:	26 e0       	ldi	r18, 0x06	; 6
     f46:	ae 01       	movw	r20, r28
     f48:	4f 5f       	subi	r20, 0xFF	; 255
     f4a:	5f 4f       	sbci	r21, 0xFF	; 255
     f4c:	60 eb       	ldi	r22, 0xB0	; 176
     f4e:	89 e2       	ldi	r24, 0x29	; 41
     f50:	0e 94 ed 01 	call	0x3da	; 0x3da <I2C_readToBuff>
     f54:	41 e0       	ldi	r20, 0x01	; 1
     f56:	6f ef       	ldi	r22, 0xFF	; 255
     f58:	89 e2       	ldi	r24, 0x29	; 41
     f5a:	0e 94 44 01 	call	0x288	; 0x288 <I2C_writeReg>
     f5e:	40 e0       	ldi	r20, 0x00	; 0
     f60:	6f e4       	ldi	r22, 0x4F	; 79
     f62:	89 e2       	ldi	r24, 0x29	; 41
     f64:	0e 94 44 01 	call	0x288	; 0x288 <I2C_writeReg>
     f68:	4c e2       	ldi	r20, 0x2C	; 44
     f6a:	6e e4       	ldi	r22, 0x4E	; 78
     f6c:	89 e2       	ldi	r24, 0x29	; 41
     f6e:	0e 94 44 01 	call	0x288	; 0x288 <I2C_writeReg>
     f72:	40 e0       	ldi	r20, 0x00	; 0
     f74:	6f ef       	ldi	r22, 0xFF	; 255
     f76:	89 e2       	ldi	r24, 0x29	; 41
     f78:	0e 94 44 01 	call	0x288	; 0x288 <I2C_writeReg>
     f7c:	44 eb       	ldi	r20, 0xB4	; 180
     f7e:	66 eb       	ldi	r22, 0xB6	; 182
     f80:	89 e2       	ldi	r24, 0x29	; 41
     f82:	0e 94 44 01 	call	0x288	; 0x288 <I2C_writeReg>
     f86:	8f 81       	ldd	r24, Y+7	; 0x07
     f88:	81 11       	cpse	r24, r1
     f8a:	02 c0       	rjmp	.+4      	; 0xf90 <VL53L0X_init+0x114>
     f8c:	40 e0       	ldi	r20, 0x00	; 0
     f8e:	01 c0       	rjmp	.+2      	; 0xf92 <VL53L0X_init+0x116>
     f90:	4c e0       	ldi	r20, 0x0C	; 12
     f92:	a8 85       	ldd	r26, Y+8	; 0x08
     f94:	80 e0       	ldi	r24, 0x00	; 0
     f96:	90 e0       	ldi	r25, 0x00	; 0
     f98:	61 e0       	ldi	r22, 0x01	; 1
     f9a:	70 e0       	ldi	r23, 0x00	; 0
     f9c:	28 2f       	mov	r18, r24
     f9e:	26 95       	lsr	r18
     fa0:	26 95       	lsr	r18
     fa2:	26 95       	lsr	r18
     fa4:	58 2f       	mov	r21, r24
     fa6:	57 70       	andi	r21, 0x07	; 7
     fa8:	e1 e0       	ldi	r30, 0x01	; 1
     faa:	f0 e0       	ldi	r31, 0x00	; 0
     fac:	ec 0f       	add	r30, r28
     fae:	fd 1f       	adc	r31, r29
     fb0:	e2 0f       	add	r30, r18
     fb2:	f1 1d       	adc	r31, r1
     fb4:	84 17       	cp	r24, r20
     fb6:	10 f0       	brcs	.+4      	; 0xfbc <VL53L0X_init+0x140>
     fb8:	a9 13       	cpse	r26, r25
     fba:	0a c0       	rjmp	.+20     	; 0xfd0 <VL53L0X_init+0x154>
     fbc:	9b 01       	movw	r18, r22
     fbe:	01 c0       	rjmp	.+2      	; 0xfc2 <VL53L0X_init+0x146>
     fc0:	22 0f       	add	r18, r18
     fc2:	5a 95       	dec	r21
     fc4:	ea f7       	brpl	.-6      	; 0xfc0 <VL53L0X_init+0x144>
     fc6:	20 95       	com	r18
     fc8:	30 81       	ld	r19, Z
     fca:	23 23       	and	r18, r19
     fcc:	20 83       	st	Z, r18
     fce:	09 c0       	rjmp	.+18     	; 0xfe2 <VL53L0X_init+0x166>
     fd0:	20 81       	ld	r18, Z
     fd2:	30 e0       	ldi	r19, 0x00	; 0
     fd4:	02 c0       	rjmp	.+4      	; 0xfda <VL53L0X_init+0x15e>
     fd6:	35 95       	asr	r19
     fd8:	27 95       	ror	r18
     fda:	5a 95       	dec	r21
     fdc:	e2 f7       	brpl	.-8      	; 0xfd6 <VL53L0X_init+0x15a>
     fde:	20 fd       	sbrc	r18, 0
     fe0:	9f 5f       	subi	r25, 0xFF	; 255
     fe2:	8f 5f       	subi	r24, 0xFF	; 255
     fe4:	80 33       	cpi	r24, 0x30	; 48
     fe6:	d1 f6       	brne	.-76     	; 0xf9c <VL53L0X_init+0x120>
     fe8:	26 e0       	ldi	r18, 0x06	; 6
     fea:	ae 01       	movw	r20, r28
     fec:	4f 5f       	subi	r20, 0xFF	; 255
     fee:	5f 4f       	sbci	r21, 0xFF	; 255
     ff0:	60 eb       	ldi	r22, 0xB0	; 176
     ff2:	89 e2       	ldi	r24, 0x29	; 41
     ff4:	0e 94 c2 01 	call	0x384	; 0x384 <I2C_writeBuff>
     ff8:	41 e0       	ldi	r20, 0x01	; 1
     ffa:	6f ef       	ldi	r22, 0xFF	; 255
     ffc:	89 e2       	ldi	r24, 0x29	; 41
     ffe:	0e 94 44 01 	call	0x288	; 0x288 <I2C_writeReg>
    1002:	40 e0       	ldi	r20, 0x00	; 0
    1004:	60 e0       	ldi	r22, 0x00	; 0
    1006:	89 e2       	ldi	r24, 0x29	; 41
    1008:	0e 94 44 01 	call	0x288	; 0x288 <I2C_writeReg>
    100c:	40 e0       	ldi	r20, 0x00	; 0
    100e:	6f ef       	ldi	r22, 0xFF	; 255
    1010:	89 e2       	ldi	r24, 0x29	; 41
    1012:	0e 94 44 01 	call	0x288	; 0x288 <I2C_writeReg>
    1016:	40 e0       	ldi	r20, 0x00	; 0
    1018:	69 e0       	ldi	r22, 0x09	; 9
    101a:	89 e2       	ldi	r24, 0x29	; 41
    101c:	0e 94 44 01 	call	0x288	; 0x288 <I2C_writeReg>
    1020:	40 e0       	ldi	r20, 0x00	; 0
    1022:	60 e1       	ldi	r22, 0x10	; 16
    1024:	89 e2       	ldi	r24, 0x29	; 41
    1026:	0e 94 44 01 	call	0x288	; 0x288 <I2C_writeReg>
    102a:	40 e0       	ldi	r20, 0x00	; 0
    102c:	61 e1       	ldi	r22, 0x11	; 17
    102e:	89 e2       	ldi	r24, 0x29	; 41
    1030:	0e 94 44 01 	call	0x288	; 0x288 <I2C_writeReg>
    1034:	41 e0       	ldi	r20, 0x01	; 1
    1036:	64 e2       	ldi	r22, 0x24	; 36
    1038:	89 e2       	ldi	r24, 0x29	; 41
    103a:	0e 94 44 01 	call	0x288	; 0x288 <I2C_writeReg>
    103e:	4f ef       	ldi	r20, 0xFF	; 255
    1040:	65 e2       	ldi	r22, 0x25	; 37
    1042:	89 e2       	ldi	r24, 0x29	; 41
    1044:	0e 94 44 01 	call	0x288	; 0x288 <I2C_writeReg>
    1048:	40 e0       	ldi	r20, 0x00	; 0
    104a:	65 e7       	ldi	r22, 0x75	; 117
    104c:	89 e2       	ldi	r24, 0x29	; 41
    104e:	0e 94 44 01 	call	0x288	; 0x288 <I2C_writeReg>
    1052:	41 e0       	ldi	r20, 0x01	; 1
    1054:	6f ef       	ldi	r22, 0xFF	; 255
    1056:	89 e2       	ldi	r24, 0x29	; 41
    1058:	0e 94 44 01 	call	0x288	; 0x288 <I2C_writeReg>
    105c:	4c e2       	ldi	r20, 0x2C	; 44
    105e:	6e e4       	ldi	r22, 0x4E	; 78
    1060:	89 e2       	ldi	r24, 0x29	; 41
    1062:	0e 94 44 01 	call	0x288	; 0x288 <I2C_writeReg>
    1066:	40 e0       	ldi	r20, 0x00	; 0
    1068:	68 e4       	ldi	r22, 0x48	; 72
    106a:	89 e2       	ldi	r24, 0x29	; 41
    106c:	0e 94 44 01 	call	0x288	; 0x288 <I2C_writeReg>
    1070:	40 e2       	ldi	r20, 0x20	; 32
    1072:	60 e3       	ldi	r22, 0x30	; 48
    1074:	89 e2       	ldi	r24, 0x29	; 41
    1076:	0e 94 44 01 	call	0x288	; 0x288 <I2C_writeReg>
    107a:	40 e0       	ldi	r20, 0x00	; 0
    107c:	6f ef       	ldi	r22, 0xFF	; 255
    107e:	89 e2       	ldi	r24, 0x29	; 41
    1080:	0e 94 44 01 	call	0x288	; 0x288 <I2C_writeReg>
    1084:	49 e0       	ldi	r20, 0x09	; 9
    1086:	60 e3       	ldi	r22, 0x30	; 48
    1088:	89 e2       	ldi	r24, 0x29	; 41
    108a:	0e 94 44 01 	call	0x288	; 0x288 <I2C_writeReg>
    108e:	40 e0       	ldi	r20, 0x00	; 0
    1090:	64 e5       	ldi	r22, 0x54	; 84
    1092:	89 e2       	ldi	r24, 0x29	; 41
    1094:	0e 94 44 01 	call	0x288	; 0x288 <I2C_writeReg>
    1098:	44 e0       	ldi	r20, 0x04	; 4
    109a:	61 e3       	ldi	r22, 0x31	; 49
    109c:	89 e2       	ldi	r24, 0x29	; 41
    109e:	0e 94 44 01 	call	0x288	; 0x288 <I2C_writeReg>
    10a2:	43 e0       	ldi	r20, 0x03	; 3
    10a4:	62 e3       	ldi	r22, 0x32	; 50
    10a6:	89 e2       	ldi	r24, 0x29	; 41
    10a8:	0e 94 44 01 	call	0x288	; 0x288 <I2C_writeReg>
    10ac:	43 e8       	ldi	r20, 0x83	; 131
    10ae:	60 e4       	ldi	r22, 0x40	; 64
    10b0:	89 e2       	ldi	r24, 0x29	; 41
    10b2:	0e 94 44 01 	call	0x288	; 0x288 <I2C_writeReg>
    10b6:	45 e2       	ldi	r20, 0x25	; 37
    10b8:	66 e4       	ldi	r22, 0x46	; 70
    10ba:	89 e2       	ldi	r24, 0x29	; 41
    10bc:	0e 94 44 01 	call	0x288	; 0x288 <I2C_writeReg>
    10c0:	40 e0       	ldi	r20, 0x00	; 0
    10c2:	60 e6       	ldi	r22, 0x60	; 96
    10c4:	89 e2       	ldi	r24, 0x29	; 41
    10c6:	0e 94 44 01 	call	0x288	; 0x288 <I2C_writeReg>
    10ca:	40 e0       	ldi	r20, 0x00	; 0
    10cc:	67 e2       	ldi	r22, 0x27	; 39
    10ce:	89 e2       	ldi	r24, 0x29	; 41
    10d0:	0e 94 44 01 	call	0x288	; 0x288 <I2C_writeReg>
    10d4:	46 e0       	ldi	r20, 0x06	; 6
    10d6:	60 e5       	ldi	r22, 0x50	; 80
    10d8:	89 e2       	ldi	r24, 0x29	; 41
    10da:	0e 94 44 01 	call	0x288	; 0x288 <I2C_writeReg>
    10de:	40 e0       	ldi	r20, 0x00	; 0
    10e0:	61 e5       	ldi	r22, 0x51	; 81
    10e2:	89 e2       	ldi	r24, 0x29	; 41
    10e4:	0e 94 44 01 	call	0x288	; 0x288 <I2C_writeReg>
    10e8:	46 e9       	ldi	r20, 0x96	; 150
    10ea:	62 e5       	ldi	r22, 0x52	; 82
    10ec:	89 e2       	ldi	r24, 0x29	; 41
    10ee:	0e 94 44 01 	call	0x288	; 0x288 <I2C_writeReg>
    10f2:	48 e0       	ldi	r20, 0x08	; 8
    10f4:	66 e5       	ldi	r22, 0x56	; 86
    10f6:	89 e2       	ldi	r24, 0x29	; 41
    10f8:	0e 94 44 01 	call	0x288	; 0x288 <I2C_writeReg>
    10fc:	40 e3       	ldi	r20, 0x30	; 48
    10fe:	67 e5       	ldi	r22, 0x57	; 87
    1100:	89 e2       	ldi	r24, 0x29	; 41
    1102:	0e 94 44 01 	call	0x288	; 0x288 <I2C_writeReg>
    1106:	40 e0       	ldi	r20, 0x00	; 0
    1108:	61 e6       	ldi	r22, 0x61	; 97
    110a:	89 e2       	ldi	r24, 0x29	; 41
    110c:	0e 94 44 01 	call	0x288	; 0x288 <I2C_writeReg>
    1110:	40 e0       	ldi	r20, 0x00	; 0
    1112:	62 e6       	ldi	r22, 0x62	; 98
    1114:	89 e2       	ldi	r24, 0x29	; 41
    1116:	0e 94 44 01 	call	0x288	; 0x288 <I2C_writeReg>
    111a:	40 e0       	ldi	r20, 0x00	; 0
    111c:	64 e6       	ldi	r22, 0x64	; 100
    111e:	89 e2       	ldi	r24, 0x29	; 41
    1120:	0e 94 44 01 	call	0x288	; 0x288 <I2C_writeReg>
    1124:	40 e0       	ldi	r20, 0x00	; 0
    1126:	65 e6       	ldi	r22, 0x65	; 101
    1128:	89 e2       	ldi	r24, 0x29	; 41
    112a:	0e 94 44 01 	call	0x288	; 0x288 <I2C_writeReg>
    112e:	40 ea       	ldi	r20, 0xA0	; 160
    1130:	66 e6       	ldi	r22, 0x66	; 102
    1132:	89 e2       	ldi	r24, 0x29	; 41
    1134:	0e 94 44 01 	call	0x288	; 0x288 <I2C_writeReg>
    1138:	41 e0       	ldi	r20, 0x01	; 1
    113a:	6f ef       	ldi	r22, 0xFF	; 255
    113c:	89 e2       	ldi	r24, 0x29	; 41
    113e:	0e 94 44 01 	call	0x288	; 0x288 <I2C_writeReg>
    1142:	42 e3       	ldi	r20, 0x32	; 50
    1144:	62 e2       	ldi	r22, 0x22	; 34
    1146:	89 e2       	ldi	r24, 0x29	; 41
    1148:	0e 94 44 01 	call	0x288	; 0x288 <I2C_writeReg>
    114c:	44 e1       	ldi	r20, 0x14	; 20
    114e:	67 e4       	ldi	r22, 0x47	; 71
    1150:	89 e2       	ldi	r24, 0x29	; 41
    1152:	0e 94 44 01 	call	0x288	; 0x288 <I2C_writeReg>
    1156:	4f ef       	ldi	r20, 0xFF	; 255
    1158:	69 e4       	ldi	r22, 0x49	; 73
    115a:	89 e2       	ldi	r24, 0x29	; 41
    115c:	0e 94 44 01 	call	0x288	; 0x288 <I2C_writeReg>
    1160:	40 e0       	ldi	r20, 0x00	; 0
    1162:	6a e4       	ldi	r22, 0x4A	; 74
    1164:	89 e2       	ldi	r24, 0x29	; 41
    1166:	0e 94 44 01 	call	0x288	; 0x288 <I2C_writeReg>
    116a:	40 e0       	ldi	r20, 0x00	; 0
    116c:	6f ef       	ldi	r22, 0xFF	; 255
    116e:	89 e2       	ldi	r24, 0x29	; 41
    1170:	0e 94 44 01 	call	0x288	; 0x288 <I2C_writeReg>
    1174:	4a e0       	ldi	r20, 0x0A	; 10
    1176:	6a e7       	ldi	r22, 0x7A	; 122
    1178:	89 e2       	ldi	r24, 0x29	; 41
    117a:	0e 94 44 01 	call	0x288	; 0x288 <I2C_writeReg>
    117e:	40 e0       	ldi	r20, 0x00	; 0
    1180:	6b e7       	ldi	r22, 0x7B	; 123
    1182:	89 e2       	ldi	r24, 0x29	; 41
    1184:	0e 94 44 01 	call	0x288	; 0x288 <I2C_writeReg>
    1188:	41 e2       	ldi	r20, 0x21	; 33
    118a:	68 e7       	ldi	r22, 0x78	; 120
    118c:	89 e2       	ldi	r24, 0x29	; 41
    118e:	0e 94 44 01 	call	0x288	; 0x288 <I2C_writeReg>
    1192:	41 e0       	ldi	r20, 0x01	; 1
    1194:	6f ef       	ldi	r22, 0xFF	; 255
    1196:	89 e2       	ldi	r24, 0x29	; 41
    1198:	0e 94 44 01 	call	0x288	; 0x288 <I2C_writeReg>
    119c:	44 e3       	ldi	r20, 0x34	; 52
    119e:	63 e2       	ldi	r22, 0x23	; 35
    11a0:	89 e2       	ldi	r24, 0x29	; 41
    11a2:	0e 94 44 01 	call	0x288	; 0x288 <I2C_writeReg>
    11a6:	40 e0       	ldi	r20, 0x00	; 0
    11a8:	62 e4       	ldi	r22, 0x42	; 66
    11aa:	89 e2       	ldi	r24, 0x29	; 41
    11ac:	0e 94 44 01 	call	0x288	; 0x288 <I2C_writeReg>
    11b0:	4f ef       	ldi	r20, 0xFF	; 255
    11b2:	64 e4       	ldi	r22, 0x44	; 68
    11b4:	89 e2       	ldi	r24, 0x29	; 41
    11b6:	0e 94 44 01 	call	0x288	; 0x288 <I2C_writeReg>
    11ba:	46 e2       	ldi	r20, 0x26	; 38
    11bc:	65 e4       	ldi	r22, 0x45	; 69
    11be:	89 e2       	ldi	r24, 0x29	; 41
    11c0:	0e 94 44 01 	call	0x288	; 0x288 <I2C_writeReg>
    11c4:	45 e0       	ldi	r20, 0x05	; 5
    11c6:	66 e4       	ldi	r22, 0x46	; 70
    11c8:	89 e2       	ldi	r24, 0x29	; 41
    11ca:	0e 94 44 01 	call	0x288	; 0x288 <I2C_writeReg>
    11ce:	40 e4       	ldi	r20, 0x40	; 64
    11d0:	60 e4       	ldi	r22, 0x40	; 64
    11d2:	89 e2       	ldi	r24, 0x29	; 41
    11d4:	0e 94 44 01 	call	0x288	; 0x288 <I2C_writeReg>
    11d8:	46 e0       	ldi	r20, 0x06	; 6
    11da:	6e e0       	ldi	r22, 0x0E	; 14
    11dc:	89 e2       	ldi	r24, 0x29	; 41
    11de:	0e 94 44 01 	call	0x288	; 0x288 <I2C_writeReg>
    11e2:	4a e1       	ldi	r20, 0x1A	; 26
    11e4:	60 e2       	ldi	r22, 0x20	; 32
    11e6:	89 e2       	ldi	r24, 0x29	; 41
    11e8:	0e 94 44 01 	call	0x288	; 0x288 <I2C_writeReg>
    11ec:	40 e4       	ldi	r20, 0x40	; 64
    11ee:	63 e4       	ldi	r22, 0x43	; 67
    11f0:	89 e2       	ldi	r24, 0x29	; 41
    11f2:	0e 94 44 01 	call	0x288	; 0x288 <I2C_writeReg>
    11f6:	40 e0       	ldi	r20, 0x00	; 0
    11f8:	6f ef       	ldi	r22, 0xFF	; 255
    11fa:	89 e2       	ldi	r24, 0x29	; 41
    11fc:	0e 94 44 01 	call	0x288	; 0x288 <I2C_writeReg>
    1200:	43 e0       	ldi	r20, 0x03	; 3
    1202:	64 e3       	ldi	r22, 0x34	; 52
    1204:	89 e2       	ldi	r24, 0x29	; 41
    1206:	0e 94 44 01 	call	0x288	; 0x288 <I2C_writeReg>
    120a:	44 e4       	ldi	r20, 0x44	; 68
    120c:	65 e3       	ldi	r22, 0x35	; 53
    120e:	89 e2       	ldi	r24, 0x29	; 41
    1210:	0e 94 44 01 	call	0x288	; 0x288 <I2C_writeReg>
    1214:	41 e0       	ldi	r20, 0x01	; 1
    1216:	6f ef       	ldi	r22, 0xFF	; 255
    1218:	89 e2       	ldi	r24, 0x29	; 41
    121a:	0e 94 44 01 	call	0x288	; 0x288 <I2C_writeReg>
    121e:	44 e0       	ldi	r20, 0x04	; 4
    1220:	61 e3       	ldi	r22, 0x31	; 49
    1222:	89 e2       	ldi	r24, 0x29	; 41
    1224:	0e 94 44 01 	call	0x288	; 0x288 <I2C_writeReg>
    1228:	49 e0       	ldi	r20, 0x09	; 9
    122a:	6b e4       	ldi	r22, 0x4B	; 75
    122c:	89 e2       	ldi	r24, 0x29	; 41
    122e:	0e 94 44 01 	call	0x288	; 0x288 <I2C_writeReg>
    1232:	45 e0       	ldi	r20, 0x05	; 5
    1234:	6c e4       	ldi	r22, 0x4C	; 76
    1236:	89 e2       	ldi	r24, 0x29	; 41
    1238:	0e 94 44 01 	call	0x288	; 0x288 <I2C_writeReg>
    123c:	44 e0       	ldi	r20, 0x04	; 4
    123e:	6d e4       	ldi	r22, 0x4D	; 77
    1240:	89 e2       	ldi	r24, 0x29	; 41
    1242:	0e 94 44 01 	call	0x288	; 0x288 <I2C_writeReg>
    1246:	40 e0       	ldi	r20, 0x00	; 0
    1248:	6f ef       	ldi	r22, 0xFF	; 255
    124a:	89 e2       	ldi	r24, 0x29	; 41
    124c:	0e 94 44 01 	call	0x288	; 0x288 <I2C_writeReg>
    1250:	40 e0       	ldi	r20, 0x00	; 0
    1252:	64 e4       	ldi	r22, 0x44	; 68
    1254:	89 e2       	ldi	r24, 0x29	; 41
    1256:	0e 94 44 01 	call	0x288	; 0x288 <I2C_writeReg>
    125a:	40 e2       	ldi	r20, 0x20	; 32
    125c:	65 e4       	ldi	r22, 0x45	; 69
    125e:	89 e2       	ldi	r24, 0x29	; 41
    1260:	0e 94 44 01 	call	0x288	; 0x288 <I2C_writeReg>
    1264:	48 e0       	ldi	r20, 0x08	; 8
    1266:	67 e4       	ldi	r22, 0x47	; 71
    1268:	89 e2       	ldi	r24, 0x29	; 41
    126a:	0e 94 44 01 	call	0x288	; 0x288 <I2C_writeReg>
    126e:	48 e2       	ldi	r20, 0x28	; 40
    1270:	68 e4       	ldi	r22, 0x48	; 72
    1272:	89 e2       	ldi	r24, 0x29	; 41
    1274:	0e 94 44 01 	call	0x288	; 0x288 <I2C_writeReg>
    1278:	40 e0       	ldi	r20, 0x00	; 0
    127a:	67 e6       	ldi	r22, 0x67	; 103
    127c:	89 e2       	ldi	r24, 0x29	; 41
    127e:	0e 94 44 01 	call	0x288	; 0x288 <I2C_writeReg>
    1282:	44 e0       	ldi	r20, 0x04	; 4
    1284:	60 e7       	ldi	r22, 0x70	; 112
    1286:	89 e2       	ldi	r24, 0x29	; 41
    1288:	0e 94 44 01 	call	0x288	; 0x288 <I2C_writeReg>
    128c:	41 e0       	ldi	r20, 0x01	; 1
    128e:	61 e7       	ldi	r22, 0x71	; 113
    1290:	89 e2       	ldi	r24, 0x29	; 41
    1292:	0e 94 44 01 	call	0x288	; 0x288 <I2C_writeReg>
    1296:	4e ef       	ldi	r20, 0xFE	; 254
    1298:	62 e7       	ldi	r22, 0x72	; 114
    129a:	89 e2       	ldi	r24, 0x29	; 41
    129c:	0e 94 44 01 	call	0x288	; 0x288 <I2C_writeReg>
    12a0:	40 e0       	ldi	r20, 0x00	; 0
    12a2:	66 e7       	ldi	r22, 0x76	; 118
    12a4:	89 e2       	ldi	r24, 0x29	; 41
    12a6:	0e 94 44 01 	call	0x288	; 0x288 <I2C_writeReg>
    12aa:	40 e0       	ldi	r20, 0x00	; 0
    12ac:	67 e7       	ldi	r22, 0x77	; 119
    12ae:	89 e2       	ldi	r24, 0x29	; 41
    12b0:	0e 94 44 01 	call	0x288	; 0x288 <I2C_writeReg>
    12b4:	41 e0       	ldi	r20, 0x01	; 1
    12b6:	6f ef       	ldi	r22, 0xFF	; 255
    12b8:	89 e2       	ldi	r24, 0x29	; 41
    12ba:	0e 94 44 01 	call	0x288	; 0x288 <I2C_writeReg>
    12be:	41 e0       	ldi	r20, 0x01	; 1
    12c0:	6d e0       	ldi	r22, 0x0D	; 13
    12c2:	89 e2       	ldi	r24, 0x29	; 41
    12c4:	0e 94 44 01 	call	0x288	; 0x288 <I2C_writeReg>
    12c8:	40 e0       	ldi	r20, 0x00	; 0
    12ca:	6f ef       	ldi	r22, 0xFF	; 255
    12cc:	89 e2       	ldi	r24, 0x29	; 41
    12ce:	0e 94 44 01 	call	0x288	; 0x288 <I2C_writeReg>
    12d2:	41 e0       	ldi	r20, 0x01	; 1
    12d4:	60 e8       	ldi	r22, 0x80	; 128
    12d6:	89 e2       	ldi	r24, 0x29	; 41
    12d8:	0e 94 44 01 	call	0x288	; 0x288 <I2C_writeReg>
    12dc:	48 ef       	ldi	r20, 0xF8	; 248
    12de:	61 e0       	ldi	r22, 0x01	; 1
    12e0:	89 e2       	ldi	r24, 0x29	; 41
    12e2:	0e 94 44 01 	call	0x288	; 0x288 <I2C_writeReg>
    12e6:	41 e0       	ldi	r20, 0x01	; 1
    12e8:	6f ef       	ldi	r22, 0xFF	; 255
    12ea:	89 e2       	ldi	r24, 0x29	; 41
    12ec:	0e 94 44 01 	call	0x288	; 0x288 <I2C_writeReg>
    12f0:	41 e0       	ldi	r20, 0x01	; 1
    12f2:	6e e8       	ldi	r22, 0x8E	; 142
    12f4:	89 e2       	ldi	r24, 0x29	; 41
    12f6:	0e 94 44 01 	call	0x288	; 0x288 <I2C_writeReg>
    12fa:	41 e0       	ldi	r20, 0x01	; 1
    12fc:	60 e0       	ldi	r22, 0x00	; 0
    12fe:	89 e2       	ldi	r24, 0x29	; 41
    1300:	0e 94 44 01 	call	0x288	; 0x288 <I2C_writeReg>
    1304:	40 e0       	ldi	r20, 0x00	; 0
    1306:	6f ef       	ldi	r22, 0xFF	; 255
    1308:	89 e2       	ldi	r24, 0x29	; 41
    130a:	0e 94 44 01 	call	0x288	; 0x288 <I2C_writeReg>
    130e:	40 e0       	ldi	r20, 0x00	; 0
    1310:	60 e8       	ldi	r22, 0x80	; 128
    1312:	89 e2       	ldi	r24, 0x29	; 41
    1314:	0e 94 44 01 	call	0x288	; 0x288 <I2C_writeReg>
    1318:	44 e0       	ldi	r20, 0x04	; 4
    131a:	6a e0       	ldi	r22, 0x0A	; 10
    131c:	89 e2       	ldi	r24, 0x29	; 41
    131e:	0e 94 44 01 	call	0x288	; 0x288 <I2C_writeReg>
    1322:	64 e8       	ldi	r22, 0x84	; 132
    1324:	89 e2       	ldi	r24, 0x29	; 41
    1326:	0e 94 5f 01 	call	0x2be	; 0x2be <I2C_readReg>
    132a:	48 2f       	mov	r20, r24
    132c:	4f 7e       	andi	r20, 0xEF	; 239
    132e:	64 e8       	ldi	r22, 0x84	; 132
    1330:	89 e2       	ldi	r24, 0x29	; 41
    1332:	0e 94 44 01 	call	0x288	; 0x288 <I2C_writeReg>
    1336:	41 e0       	ldi	r20, 0x01	; 1
    1338:	6b e0       	ldi	r22, 0x0B	; 11
    133a:	89 e2       	ldi	r24, 0x29	; 41
    133c:	0e 94 44 01 	call	0x288	; 0x288 <I2C_writeReg>
    1340:	0e 94 cb 05 	call	0xb96	; 0xb96 <VL53L0X_getMeasurementTimingBudget>
    1344:	60 93 05 01 	sts	0x0105, r22	; 0x800105 <VL53L0X_measurement_timing_budget_us>
    1348:	70 93 06 01 	sts	0x0106, r23	; 0x800106 <VL53L0X_measurement_timing_budget_us+0x1>
    134c:	80 93 07 01 	sts	0x0107, r24	; 0x800107 <VL53L0X_measurement_timing_budget_us+0x2>
    1350:	90 93 08 01 	sts	0x0108, r25	; 0x800108 <VL53L0X_measurement_timing_budget_us+0x3>
    1354:	48 ee       	ldi	r20, 0xE8	; 232
    1356:	61 e0       	ldi	r22, 0x01	; 1
    1358:	89 e2       	ldi	r24, 0x29	; 41
    135a:	0e 94 44 01 	call	0x288	; 0x288 <I2C_writeReg>
    135e:	60 91 05 01 	lds	r22, 0x0105	; 0x800105 <VL53L0X_measurement_timing_budget_us>
    1362:	70 91 06 01 	lds	r23, 0x0106	; 0x800106 <VL53L0X_measurement_timing_budget_us+0x1>
    1366:	80 91 07 01 	lds	r24, 0x0107	; 0x800107 <VL53L0X_measurement_timing_budget_us+0x2>
    136a:	90 91 08 01 	lds	r25, 0x0108	; 0x800108 <VL53L0X_measurement_timing_budget_us+0x3>
    136e:	0e 94 89 06 	call	0xd12	; 0xd12 <VL53L0X_setMeasurementTimingBudget>
    1372:	41 e0       	ldi	r20, 0x01	; 1
    1374:	61 e0       	ldi	r22, 0x01	; 1
    1376:	89 e2       	ldi	r24, 0x29	; 41
    1378:	0e 94 44 01 	call	0x288	; 0x288 <I2C_writeReg>
    137c:	80 e4       	ldi	r24, 0x40	; 64
    137e:	0e 94 22 07 	call	0xe44	; 0xe44 <VL53L0X_performSingleRefCalibration>
    1382:	88 23       	and	r24, r24
    1384:	09 f4       	brne	.+2      	; 0x1388 <VL53L0X_init+0x50c>
    1386:	99 cd       	rjmp	.-1230   	; 0xeba <VL53L0X_init+0x3e>
    1388:	42 e0       	ldi	r20, 0x02	; 2
    138a:	61 e0       	ldi	r22, 0x01	; 1
    138c:	89 e2       	ldi	r24, 0x29	; 41
    138e:	0e 94 44 01 	call	0x288	; 0x288 <I2C_writeReg>
    1392:	80 e0       	ldi	r24, 0x00	; 0
    1394:	0e 94 22 07 	call	0xe44	; 0xe44 <VL53L0X_performSingleRefCalibration>
    1398:	88 23       	and	r24, r24
    139a:	09 f4       	brne	.+2      	; 0x139e <VL53L0X_init+0x522>
    139c:	8e cd       	rjmp	.-1252   	; 0xeba <VL53L0X_init+0x3e>
    139e:	48 ee       	ldi	r20, 0xE8	; 232
    13a0:	61 e0       	ldi	r22, 0x01	; 1
    13a2:	89 e2       	ldi	r24, 0x29	; 41
    13a4:	0e 94 44 01 	call	0x288	; 0x288 <I2C_writeReg>
    13a8:	81 e0       	ldi	r24, 0x01	; 1
    13aa:	28 96       	adiw	r28, 0x08	; 8
    13ac:	0f b6       	in	r0, 0x3f	; 63
    13ae:	f8 94       	cli
    13b0:	de bf       	out	0x3e, r29	; 62
    13b2:	0f be       	out	0x3f, r0	; 63
    13b4:	cd bf       	out	0x3d, r28	; 61
    13b6:	df 91       	pop	r29
    13b8:	cf 91       	pop	r28
    13ba:	08 95       	ret

000013bc <__cmpsf2>:
    13bc:	0e 94 4f 0a 	call	0x149e	; 0x149e <__fp_cmp>
    13c0:	08 f4       	brcc	.+2      	; 0x13c4 <__cmpsf2+0x8>
    13c2:	81 e0       	ldi	r24, 0x01	; 1
    13c4:	08 95       	ret

000013c6 <__fixunssfsi>:
    13c6:	0e 94 7b 0a 	call	0x14f6	; 0x14f6 <__fp_splitA>
    13ca:	88 f0       	brcs	.+34     	; 0x13ee <__fixunssfsi+0x28>
    13cc:	9f 57       	subi	r25, 0x7F	; 127
    13ce:	98 f0       	brcs	.+38     	; 0x13f6 <__fixunssfsi+0x30>
    13d0:	b9 2f       	mov	r27, r25
    13d2:	99 27       	eor	r25, r25
    13d4:	b7 51       	subi	r27, 0x17	; 23
    13d6:	b0 f0       	brcs	.+44     	; 0x1404 <__fixunssfsi+0x3e>
    13d8:	e1 f0       	breq	.+56     	; 0x1412 <__fixunssfsi+0x4c>
    13da:	66 0f       	add	r22, r22
    13dc:	77 1f       	adc	r23, r23
    13de:	88 1f       	adc	r24, r24
    13e0:	99 1f       	adc	r25, r25
    13e2:	1a f0       	brmi	.+6      	; 0x13ea <__fixunssfsi+0x24>
    13e4:	ba 95       	dec	r27
    13e6:	c9 f7       	brne	.-14     	; 0x13da <__fixunssfsi+0x14>
    13e8:	14 c0       	rjmp	.+40     	; 0x1412 <__fixunssfsi+0x4c>
    13ea:	b1 30       	cpi	r27, 0x01	; 1
    13ec:	91 f0       	breq	.+36     	; 0x1412 <__fixunssfsi+0x4c>
    13ee:	0e 94 95 0a 	call	0x152a	; 0x152a <__fp_zero>
    13f2:	b1 e0       	ldi	r27, 0x01	; 1
    13f4:	08 95       	ret
    13f6:	0c 94 95 0a 	jmp	0x152a	; 0x152a <__fp_zero>
    13fa:	67 2f       	mov	r22, r23
    13fc:	78 2f       	mov	r23, r24
    13fe:	88 27       	eor	r24, r24
    1400:	b8 5f       	subi	r27, 0xF8	; 248
    1402:	39 f0       	breq	.+14     	; 0x1412 <__fixunssfsi+0x4c>
    1404:	b9 3f       	cpi	r27, 0xF9	; 249
    1406:	cc f3       	brlt	.-14     	; 0x13fa <__fixunssfsi+0x34>
    1408:	86 95       	lsr	r24
    140a:	77 95       	ror	r23
    140c:	67 95       	ror	r22
    140e:	b3 95       	inc	r27
    1410:	d9 f7       	brne	.-10     	; 0x1408 <__fixunssfsi+0x42>
    1412:	3e f4       	brtc	.+14     	; 0x1422 <__fixunssfsi+0x5c>
    1414:	90 95       	com	r25
    1416:	80 95       	com	r24
    1418:	70 95       	com	r23
    141a:	61 95       	neg	r22
    141c:	7f 4f       	sbci	r23, 0xFF	; 255
    141e:	8f 4f       	sbci	r24, 0xFF	; 255
    1420:	9f 4f       	sbci	r25, 0xFF	; 255
    1422:	08 95       	ret

00001424 <__floatunsisf>:
    1424:	e8 94       	clt
    1426:	09 c0       	rjmp	.+18     	; 0x143a <__floatsisf+0x12>

00001428 <__floatsisf>:
    1428:	97 fb       	bst	r25, 7
    142a:	3e f4       	brtc	.+14     	; 0x143a <__floatsisf+0x12>
    142c:	90 95       	com	r25
    142e:	80 95       	com	r24
    1430:	70 95       	com	r23
    1432:	61 95       	neg	r22
    1434:	7f 4f       	sbci	r23, 0xFF	; 255
    1436:	8f 4f       	sbci	r24, 0xFF	; 255
    1438:	9f 4f       	sbci	r25, 0xFF	; 255
    143a:	99 23       	and	r25, r25
    143c:	a9 f0       	breq	.+42     	; 0x1468 <__floatsisf+0x40>
    143e:	f9 2f       	mov	r31, r25
    1440:	96 e9       	ldi	r25, 0x96	; 150
    1442:	bb 27       	eor	r27, r27
    1444:	93 95       	inc	r25
    1446:	f6 95       	lsr	r31
    1448:	87 95       	ror	r24
    144a:	77 95       	ror	r23
    144c:	67 95       	ror	r22
    144e:	b7 95       	ror	r27
    1450:	f1 11       	cpse	r31, r1
    1452:	f8 cf       	rjmp	.-16     	; 0x1444 <__floatsisf+0x1c>
    1454:	fa f4       	brpl	.+62     	; 0x1494 <__floatsisf+0x6c>
    1456:	bb 0f       	add	r27, r27
    1458:	11 f4       	brne	.+4      	; 0x145e <__floatsisf+0x36>
    145a:	60 ff       	sbrs	r22, 0
    145c:	1b c0       	rjmp	.+54     	; 0x1494 <__floatsisf+0x6c>
    145e:	6f 5f       	subi	r22, 0xFF	; 255
    1460:	7f 4f       	sbci	r23, 0xFF	; 255
    1462:	8f 4f       	sbci	r24, 0xFF	; 255
    1464:	9f 4f       	sbci	r25, 0xFF	; 255
    1466:	16 c0       	rjmp	.+44     	; 0x1494 <__floatsisf+0x6c>
    1468:	88 23       	and	r24, r24
    146a:	11 f0       	breq	.+4      	; 0x1470 <__floatsisf+0x48>
    146c:	96 e9       	ldi	r25, 0x96	; 150
    146e:	11 c0       	rjmp	.+34     	; 0x1492 <__floatsisf+0x6a>
    1470:	77 23       	and	r23, r23
    1472:	21 f0       	breq	.+8      	; 0x147c <__floatsisf+0x54>
    1474:	9e e8       	ldi	r25, 0x8E	; 142
    1476:	87 2f       	mov	r24, r23
    1478:	76 2f       	mov	r23, r22
    147a:	05 c0       	rjmp	.+10     	; 0x1486 <__floatsisf+0x5e>
    147c:	66 23       	and	r22, r22
    147e:	71 f0       	breq	.+28     	; 0x149c <__floatsisf+0x74>
    1480:	96 e8       	ldi	r25, 0x86	; 134
    1482:	86 2f       	mov	r24, r22
    1484:	70 e0       	ldi	r23, 0x00	; 0
    1486:	60 e0       	ldi	r22, 0x00	; 0
    1488:	2a f0       	brmi	.+10     	; 0x1494 <__floatsisf+0x6c>
    148a:	9a 95       	dec	r25
    148c:	66 0f       	add	r22, r22
    148e:	77 1f       	adc	r23, r23
    1490:	88 1f       	adc	r24, r24
    1492:	da f7       	brpl	.-10     	; 0x148a <__floatsisf+0x62>
    1494:	88 0f       	add	r24, r24
    1496:	96 95       	lsr	r25
    1498:	87 95       	ror	r24
    149a:	97 f9       	bld	r25, 7
    149c:	08 95       	ret

0000149e <__fp_cmp>:
    149e:	99 0f       	add	r25, r25
    14a0:	00 08       	sbc	r0, r0
    14a2:	55 0f       	add	r21, r21
    14a4:	aa 0b       	sbc	r26, r26
    14a6:	e0 e8       	ldi	r30, 0x80	; 128
    14a8:	fe ef       	ldi	r31, 0xFE	; 254
    14aa:	16 16       	cp	r1, r22
    14ac:	17 06       	cpc	r1, r23
    14ae:	e8 07       	cpc	r30, r24
    14b0:	f9 07       	cpc	r31, r25
    14b2:	c0 f0       	brcs	.+48     	; 0x14e4 <__fp_cmp+0x46>
    14b4:	12 16       	cp	r1, r18
    14b6:	13 06       	cpc	r1, r19
    14b8:	e4 07       	cpc	r30, r20
    14ba:	f5 07       	cpc	r31, r21
    14bc:	98 f0       	brcs	.+38     	; 0x14e4 <__fp_cmp+0x46>
    14be:	62 1b       	sub	r22, r18
    14c0:	73 0b       	sbc	r23, r19
    14c2:	84 0b       	sbc	r24, r20
    14c4:	95 0b       	sbc	r25, r21
    14c6:	39 f4       	brne	.+14     	; 0x14d6 <__fp_cmp+0x38>
    14c8:	0a 26       	eor	r0, r26
    14ca:	61 f0       	breq	.+24     	; 0x14e4 <__fp_cmp+0x46>
    14cc:	23 2b       	or	r18, r19
    14ce:	24 2b       	or	r18, r20
    14d0:	25 2b       	or	r18, r21
    14d2:	21 f4       	brne	.+8      	; 0x14dc <__fp_cmp+0x3e>
    14d4:	08 95       	ret
    14d6:	0a 26       	eor	r0, r26
    14d8:	09 f4       	brne	.+2      	; 0x14dc <__fp_cmp+0x3e>
    14da:	a1 40       	sbci	r26, 0x01	; 1
    14dc:	a6 95       	lsr	r26
    14de:	8f ef       	ldi	r24, 0xFF	; 255
    14e0:	81 1d       	adc	r24, r1
    14e2:	81 1d       	adc	r24, r1
    14e4:	08 95       	ret

000014e6 <__fp_split3>:
    14e6:	57 fd       	sbrc	r21, 7
    14e8:	90 58       	subi	r25, 0x80	; 128
    14ea:	44 0f       	add	r20, r20
    14ec:	55 1f       	adc	r21, r21
    14ee:	59 f0       	breq	.+22     	; 0x1506 <__fp_splitA+0x10>
    14f0:	5f 3f       	cpi	r21, 0xFF	; 255
    14f2:	71 f0       	breq	.+28     	; 0x1510 <__fp_splitA+0x1a>
    14f4:	47 95       	ror	r20

000014f6 <__fp_splitA>:
    14f6:	88 0f       	add	r24, r24
    14f8:	97 fb       	bst	r25, 7
    14fa:	99 1f       	adc	r25, r25
    14fc:	61 f0       	breq	.+24     	; 0x1516 <__fp_splitA+0x20>
    14fe:	9f 3f       	cpi	r25, 0xFF	; 255
    1500:	79 f0       	breq	.+30     	; 0x1520 <__fp_splitA+0x2a>
    1502:	87 95       	ror	r24
    1504:	08 95       	ret
    1506:	12 16       	cp	r1, r18
    1508:	13 06       	cpc	r1, r19
    150a:	14 06       	cpc	r1, r20
    150c:	55 1f       	adc	r21, r21
    150e:	f2 cf       	rjmp	.-28     	; 0x14f4 <__fp_split3+0xe>
    1510:	46 95       	lsr	r20
    1512:	f1 df       	rcall	.-30     	; 0x14f6 <__fp_splitA>
    1514:	08 c0       	rjmp	.+16     	; 0x1526 <__fp_splitA+0x30>
    1516:	16 16       	cp	r1, r22
    1518:	17 06       	cpc	r1, r23
    151a:	18 06       	cpc	r1, r24
    151c:	99 1f       	adc	r25, r25
    151e:	f1 cf       	rjmp	.-30     	; 0x1502 <__fp_splitA+0xc>
    1520:	86 95       	lsr	r24
    1522:	71 05       	cpc	r23, r1
    1524:	61 05       	cpc	r22, r1
    1526:	08 94       	sec
    1528:	08 95       	ret

0000152a <__fp_zero>:
    152a:	e8 94       	clt

0000152c <__fp_szero>:
    152c:	bb 27       	eor	r27, r27
    152e:	66 27       	eor	r22, r22
    1530:	77 27       	eor	r23, r23
    1532:	cb 01       	movw	r24, r22
    1534:	97 f9       	bld	r25, 7
    1536:	08 95       	ret

00001538 <__gesf2>:
    1538:	0e 94 4f 0a 	call	0x149e	; 0x149e <__fp_cmp>
    153c:	08 f4       	brcc	.+2      	; 0x1540 <__gesf2+0x8>
    153e:	8f ef       	ldi	r24, 0xFF	; 255
    1540:	08 95       	ret

00001542 <__mulsf3>:
    1542:	0e 94 b4 0a 	call	0x1568	; 0x1568 <__mulsf3x>
    1546:	0c 94 25 0b 	jmp	0x164a	; 0x164a <__fp_round>
    154a:	0e 94 17 0b 	call	0x162e	; 0x162e <__fp_pscA>
    154e:	38 f0       	brcs	.+14     	; 0x155e <__mulsf3+0x1c>
    1550:	0e 94 1e 0b 	call	0x163c	; 0x163c <__fp_pscB>
    1554:	20 f0       	brcs	.+8      	; 0x155e <__mulsf3+0x1c>
    1556:	95 23       	and	r25, r21
    1558:	11 f0       	breq	.+4      	; 0x155e <__mulsf3+0x1c>
    155a:	0c 94 0e 0b 	jmp	0x161c	; 0x161c <__fp_inf>
    155e:	0c 94 14 0b 	jmp	0x1628	; 0x1628 <__fp_nan>
    1562:	11 24       	eor	r1, r1
    1564:	0c 94 96 0a 	jmp	0x152c	; 0x152c <__fp_szero>

00001568 <__mulsf3x>:
    1568:	0e 94 73 0a 	call	0x14e6	; 0x14e6 <__fp_split3>
    156c:	70 f3       	brcs	.-36     	; 0x154a <__mulsf3+0x8>

0000156e <__mulsf3_pse>:
    156e:	95 9f       	mul	r25, r21
    1570:	c1 f3       	breq	.-16     	; 0x1562 <__mulsf3+0x20>
    1572:	95 0f       	add	r25, r21
    1574:	50 e0       	ldi	r21, 0x00	; 0
    1576:	55 1f       	adc	r21, r21
    1578:	62 9f       	mul	r22, r18
    157a:	f0 01       	movw	r30, r0
    157c:	72 9f       	mul	r23, r18
    157e:	bb 27       	eor	r27, r27
    1580:	f0 0d       	add	r31, r0
    1582:	b1 1d       	adc	r27, r1
    1584:	63 9f       	mul	r22, r19
    1586:	aa 27       	eor	r26, r26
    1588:	f0 0d       	add	r31, r0
    158a:	b1 1d       	adc	r27, r1
    158c:	aa 1f       	adc	r26, r26
    158e:	64 9f       	mul	r22, r20
    1590:	66 27       	eor	r22, r22
    1592:	b0 0d       	add	r27, r0
    1594:	a1 1d       	adc	r26, r1
    1596:	66 1f       	adc	r22, r22
    1598:	82 9f       	mul	r24, r18
    159a:	22 27       	eor	r18, r18
    159c:	b0 0d       	add	r27, r0
    159e:	a1 1d       	adc	r26, r1
    15a0:	62 1f       	adc	r22, r18
    15a2:	73 9f       	mul	r23, r19
    15a4:	b0 0d       	add	r27, r0
    15a6:	a1 1d       	adc	r26, r1
    15a8:	62 1f       	adc	r22, r18
    15aa:	83 9f       	mul	r24, r19
    15ac:	a0 0d       	add	r26, r0
    15ae:	61 1d       	adc	r22, r1
    15b0:	22 1f       	adc	r18, r18
    15b2:	74 9f       	mul	r23, r20
    15b4:	33 27       	eor	r19, r19
    15b6:	a0 0d       	add	r26, r0
    15b8:	61 1d       	adc	r22, r1
    15ba:	23 1f       	adc	r18, r19
    15bc:	84 9f       	mul	r24, r20
    15be:	60 0d       	add	r22, r0
    15c0:	21 1d       	adc	r18, r1
    15c2:	82 2f       	mov	r24, r18
    15c4:	76 2f       	mov	r23, r22
    15c6:	6a 2f       	mov	r22, r26
    15c8:	11 24       	eor	r1, r1
    15ca:	9f 57       	subi	r25, 0x7F	; 127
    15cc:	50 40       	sbci	r21, 0x00	; 0
    15ce:	9a f0       	brmi	.+38     	; 0x15f6 <__mulsf3_pse+0x88>
    15d0:	f1 f0       	breq	.+60     	; 0x160e <__mulsf3_pse+0xa0>
    15d2:	88 23       	and	r24, r24
    15d4:	4a f0       	brmi	.+18     	; 0x15e8 <__mulsf3_pse+0x7a>
    15d6:	ee 0f       	add	r30, r30
    15d8:	ff 1f       	adc	r31, r31
    15da:	bb 1f       	adc	r27, r27
    15dc:	66 1f       	adc	r22, r22
    15de:	77 1f       	adc	r23, r23
    15e0:	88 1f       	adc	r24, r24
    15e2:	91 50       	subi	r25, 0x01	; 1
    15e4:	50 40       	sbci	r21, 0x00	; 0
    15e6:	a9 f7       	brne	.-22     	; 0x15d2 <__mulsf3_pse+0x64>
    15e8:	9e 3f       	cpi	r25, 0xFE	; 254
    15ea:	51 05       	cpc	r21, r1
    15ec:	80 f0       	brcs	.+32     	; 0x160e <__mulsf3_pse+0xa0>
    15ee:	0c 94 0e 0b 	jmp	0x161c	; 0x161c <__fp_inf>
    15f2:	0c 94 96 0a 	jmp	0x152c	; 0x152c <__fp_szero>
    15f6:	5f 3f       	cpi	r21, 0xFF	; 255
    15f8:	e4 f3       	brlt	.-8      	; 0x15f2 <__mulsf3_pse+0x84>
    15fa:	98 3e       	cpi	r25, 0xE8	; 232
    15fc:	d4 f3       	brlt	.-12     	; 0x15f2 <__mulsf3_pse+0x84>
    15fe:	86 95       	lsr	r24
    1600:	77 95       	ror	r23
    1602:	67 95       	ror	r22
    1604:	b7 95       	ror	r27
    1606:	f7 95       	ror	r31
    1608:	e7 95       	ror	r30
    160a:	9f 5f       	subi	r25, 0xFF	; 255
    160c:	c1 f7       	brne	.-16     	; 0x15fe <__mulsf3_pse+0x90>
    160e:	fe 2b       	or	r31, r30
    1610:	88 0f       	add	r24, r24
    1612:	91 1d       	adc	r25, r1
    1614:	96 95       	lsr	r25
    1616:	87 95       	ror	r24
    1618:	97 f9       	bld	r25, 7
    161a:	08 95       	ret

0000161c <__fp_inf>:
    161c:	97 f9       	bld	r25, 7
    161e:	9f 67       	ori	r25, 0x7F	; 127
    1620:	80 e8       	ldi	r24, 0x80	; 128
    1622:	70 e0       	ldi	r23, 0x00	; 0
    1624:	60 e0       	ldi	r22, 0x00	; 0
    1626:	08 95       	ret

00001628 <__fp_nan>:
    1628:	9f ef       	ldi	r25, 0xFF	; 255
    162a:	80 ec       	ldi	r24, 0xC0	; 192
    162c:	08 95       	ret

0000162e <__fp_pscA>:
    162e:	00 24       	eor	r0, r0
    1630:	0a 94       	dec	r0
    1632:	16 16       	cp	r1, r22
    1634:	17 06       	cpc	r1, r23
    1636:	18 06       	cpc	r1, r24
    1638:	09 06       	cpc	r0, r25
    163a:	08 95       	ret

0000163c <__fp_pscB>:
    163c:	00 24       	eor	r0, r0
    163e:	0a 94       	dec	r0
    1640:	12 16       	cp	r1, r18
    1642:	13 06       	cpc	r1, r19
    1644:	14 06       	cpc	r1, r20
    1646:	05 06       	cpc	r0, r21
    1648:	08 95       	ret

0000164a <__fp_round>:
    164a:	09 2e       	mov	r0, r25
    164c:	03 94       	inc	r0
    164e:	00 0c       	add	r0, r0
    1650:	11 f4       	brne	.+4      	; 0x1656 <__fp_round+0xc>
    1652:	88 23       	and	r24, r24
    1654:	52 f0       	brmi	.+20     	; 0x166a <__fp_round+0x20>
    1656:	bb 0f       	add	r27, r27
    1658:	40 f4       	brcc	.+16     	; 0x166a <__fp_round+0x20>
    165a:	bf 2b       	or	r27, r31
    165c:	11 f4       	brne	.+4      	; 0x1662 <__fp_round+0x18>
    165e:	60 ff       	sbrs	r22, 0
    1660:	04 c0       	rjmp	.+8      	; 0x166a <__fp_round+0x20>
    1662:	6f 5f       	subi	r22, 0xFF	; 255
    1664:	7f 4f       	sbci	r23, 0xFF	; 255
    1666:	8f 4f       	sbci	r24, 0xFF	; 255
    1668:	9f 4f       	sbci	r25, 0xFF	; 255
    166a:	08 95       	ret

0000166c <__udivmodhi4>:
    166c:	aa 1b       	sub	r26, r26
    166e:	bb 1b       	sub	r27, r27
    1670:	51 e1       	ldi	r21, 0x11	; 17
    1672:	07 c0       	rjmp	.+14     	; 0x1682 <__udivmodhi4_ep>

00001674 <__udivmodhi4_loop>:
    1674:	aa 1f       	adc	r26, r26
    1676:	bb 1f       	adc	r27, r27
    1678:	a6 17       	cp	r26, r22
    167a:	b7 07       	cpc	r27, r23
    167c:	10 f0       	brcs	.+4      	; 0x1682 <__udivmodhi4_ep>
    167e:	a6 1b       	sub	r26, r22
    1680:	b7 0b       	sbc	r27, r23

00001682 <__udivmodhi4_ep>:
    1682:	88 1f       	adc	r24, r24
    1684:	99 1f       	adc	r25, r25
    1686:	5a 95       	dec	r21
    1688:	a9 f7       	brne	.-22     	; 0x1674 <__udivmodhi4_loop>
    168a:	80 95       	com	r24
    168c:	90 95       	com	r25
    168e:	bc 01       	movw	r22, r24
    1690:	cd 01       	movw	r24, r26
    1692:	08 95       	ret

00001694 <__udivmodsi4>:
    1694:	a1 e2       	ldi	r26, 0x21	; 33
    1696:	1a 2e       	mov	r1, r26
    1698:	aa 1b       	sub	r26, r26
    169a:	bb 1b       	sub	r27, r27
    169c:	fd 01       	movw	r30, r26
    169e:	0d c0       	rjmp	.+26     	; 0x16ba <__udivmodsi4_ep>

000016a0 <__udivmodsi4_loop>:
    16a0:	aa 1f       	adc	r26, r26
    16a2:	bb 1f       	adc	r27, r27
    16a4:	ee 1f       	adc	r30, r30
    16a6:	ff 1f       	adc	r31, r31
    16a8:	a2 17       	cp	r26, r18
    16aa:	b3 07       	cpc	r27, r19
    16ac:	e4 07       	cpc	r30, r20
    16ae:	f5 07       	cpc	r31, r21
    16b0:	20 f0       	brcs	.+8      	; 0x16ba <__udivmodsi4_ep>
    16b2:	a2 1b       	sub	r26, r18
    16b4:	b3 0b       	sbc	r27, r19
    16b6:	e4 0b       	sbc	r30, r20
    16b8:	f5 0b       	sbc	r31, r21

000016ba <__udivmodsi4_ep>:
    16ba:	66 1f       	adc	r22, r22
    16bc:	77 1f       	adc	r23, r23
    16be:	88 1f       	adc	r24, r24
    16c0:	99 1f       	adc	r25, r25
    16c2:	1a 94       	dec	r1
    16c4:	69 f7       	brne	.-38     	; 0x16a0 <__udivmodsi4_loop>
    16c6:	60 95       	com	r22
    16c8:	70 95       	com	r23
    16ca:	80 95       	com	r24
    16cc:	90 95       	com	r25
    16ce:	9b 01       	movw	r18, r22
    16d0:	ac 01       	movw	r20, r24
    16d2:	bd 01       	movw	r22, r26
    16d4:	cf 01       	movw	r24, r30
    16d6:	08 95       	ret

000016d8 <__tablejump2__>:
    16d8:	ee 0f       	add	r30, r30
    16da:	ff 1f       	adc	r31, r31
    16dc:	05 90       	lpm	r0, Z+
    16de:	f4 91       	lpm	r31, Z
    16e0:	e0 2d       	mov	r30, r0
    16e2:	09 94       	ijmp

000016e4 <__muluhisi3>:
    16e4:	0e 94 7d 0b 	call	0x16fa	; 0x16fa <__umulhisi3>
    16e8:	a5 9f       	mul	r26, r21
    16ea:	90 0d       	add	r25, r0
    16ec:	b4 9f       	mul	r27, r20
    16ee:	90 0d       	add	r25, r0
    16f0:	a4 9f       	mul	r26, r20
    16f2:	80 0d       	add	r24, r0
    16f4:	91 1d       	adc	r25, r1
    16f6:	11 24       	eor	r1, r1
    16f8:	08 95       	ret

000016fa <__umulhisi3>:
    16fa:	a2 9f       	mul	r26, r18
    16fc:	b0 01       	movw	r22, r0
    16fe:	b3 9f       	mul	r27, r19
    1700:	c0 01       	movw	r24, r0
    1702:	a3 9f       	mul	r26, r19
    1704:	70 0d       	add	r23, r0
    1706:	81 1d       	adc	r24, r1
    1708:	11 24       	eor	r1, r1
    170a:	91 1d       	adc	r25, r1
    170c:	b2 9f       	mul	r27, r18
    170e:	70 0d       	add	r23, r0
    1710:	81 1d       	adc	r24, r1
    1712:	11 24       	eor	r1, r1
    1714:	91 1d       	adc	r25, r1
    1716:	08 95       	ret

00001718 <_exit>:
    1718:	f8 94       	cli

0000171a <__stop_program>:
    171a:	ff cf       	rjmp	.-2      	; 0x171a <__stop_program>
